full_name,first_name,last_name,gender,linkedin_url,linkedin_username,linkedin_id,facebook_url,facebook_username,facebook_id,industry,job_title,job_title_role,job_title_levels,job_company_id,job_company_name,job_company_website,job_company_size,job_company_founded,job_company_industry,job_company_linkedin_url,job_company_linkedin_id,job_company_facebook_url,job_company_twitter_url,job_company_location_name,job_company_location_locality,job_company_location_metro,job_company_location_region,job_company_location_geo,job_company_location_country,job_company_location_continent,job_last_updated,job_start_date,location_name,location_locality,location_metro,location_region,location_country,location_continent,location_geo,location_last_updated,linkedin_connections,inferred_salary,inferred_years_experience,summary,phone_numbers,emails,interests,skills,location_names,regions,countries,street_addresses,experience,education,profiles,certifications,languages,version_status,work_email,job_company_location_street_address,job_company_location_postal_code,job_summary,location_street_address,location_postal_code,middle_initial,middle_name,birth_year,birth_date,twitter_url,twitter_username,github_url,github_username,mobile_phone,location_address_line_2,job_title_sub_role,job_company_location_address_line_2
dana banda,dana,banda,female,linkedin.com/in/dana-banda-1000,dana-banda-1000,100000000,,,,defense & space,laboratory sales representative,essential services broker,[],phoenix-college,phoenix college,,11-50,,defense & space,,,,,,,,,,,,,2015-08,"mclean, virginia, united states",mclean,,virginia,united states,north america,,,543.0,">250,000",22.0,Laboratory Sales Representative at Phoenix College. 15 years across defense & space.,[],[],"['cycling', 'history', 'music']","['security+', 'inspection', 'staff development', 'statistics', 'analysis', 'photography', 'firearms', 'outlook', 'software', 'computer security', 'risk management', 'pipelines', 'community development', 'marine corps', 'yahoo', 'ap style', 'army', 'sap', 'commissioning', 'continuous improvement', 'problem solving', 'program development']","['mclean, virginia, united states']",['virginia'],['united states'],[],"[{'company': {'name': 'phoenix college', 'size': '201-500', 'industry': 'medical practice', 'location': {'name': 'paducah, kentucky, united states'}}, 'location_names': ['mclean, virginia, united states'], 'end_date': None, 'start_date': '2021-05', 'title': {'name': 'laboratory sales representative', 'role': 'human_resources', 'sub_role': None, 'levels': []}, 'is_primary': True, 'summary': None}, {'company': {'name': 'chai pani, llc', 'size': '201-500', 'industry': 'medical practice', 'location': {'name': 'raleigh, north carolina, united states'}}, 'location_names': ['mclean, virginia, united states'], 'end_date': '2021-02', 'start_date': '2018-05', 'title': {'name': 'entertainment', 'role': 'engineering', 'sub_role': None, 'levels': ['vp']}, 'is_primary': False, 'summary': None}]","[{'school': {'name': 'elmhurst college', 'type': 'post-secondary institution', 'location': {'name': 'burlington, vermont, united states'}}, 'end_date': '2002', 'start_date': '2003', 'gpa': None, 'degrees': ['associates'], 'majors': ['computer science', 'political science'], 'minors': [], 'summary': None}, {'school': {'name': 'indiana university (bloomington)', 'type': 'post-secondary institution', 'location': {'name': 'fort worth, texas, united states'}}, 'end_date': '2000', 'start_date': '1998', 'gpa': None, 'degrees': ['master of business administration'], 'majors': ['computer science'], 'minors': [], 'summary': None}]","[{'network': 'linkedin', 'id': '100000000', 'url': 'linkedin.com/in/dana-banda-1000', 'username': 'dana-banda-1000'}]",[],"[{'name': 'english', 'proficiency': None}]","{'status': 'updated', 'contains': [], 'previous_version': '12.0', 'current_version': '13.0'}",,,,,,,,,,,,,,,,,,
zara baptiste,zara,baptiste,,linkedin.com/in/zara-baptiste-1001,zara-baptiste-1001,100007919,,,,political organization,battalion operations officer,sales,[],menards,menards,,1001-5000,,political organization,,,,,,,,,,,,,2023-07,"gilbert, arizona, united states",gilbert,,arizona,united states,north america,,,3171.0,"55,000-70,000",12.0,Battalion Operations Officer at Menards. 15 years across political organization.,[],[],[],"['autocad', 'risk assessment', 'active dod secret clearance', 'operations', 'editing', 'career counseling', 'courts', 'personnel management', 'social services', 'offshore drilling', 'student affairs']","['gilbert, arizona, united states']",['arizona'],['united states'],[],"[{'company': {'name': 'menards', 'size': '11-50', 'industry': 'civic & social organization', 'location': {'name': 'baltimore, maryland, united states'}}, 'location_names': ['gilbert, arizona, united states'], 'end_date': None, 'start_date': '2021-01', 'title': {'name': 'battalion operations officer', 'role': 'project manager', 'sub_role': None, 'levels': ['vp']}, 'is_primary': True, 'summary': None}]","[{'school': {'name': 'grand river technical school', 'type': 'post-secondary institution', 'location': {'name': 'charlotte, north carolina, united states'}}, 'end_date': '1992', 'start_date': '2005', 'gpa': None, 'degrees': ['master of business administration', 'associates'], 'majors': ['political science'], 'minors': [], 'summary': None}]","[{'network': 'linkedin', 'id': '100007919', 'url': 'linkedin.com/in/zara-baptiste-1001', 'username': 'zara-baptiste-1001'}]",[],"[{'name': 'english', 'proficiency': None}]","{'status': 'updated', 'contains': [], 'previous_version': '12.0', 'current_version': '13.0'}",,,,,,,,,,,,,,,,,,
yusuf bergman,yusuf,bergman,female,linkedin.com/in/yusuf-bergman-1002,yusuf-bergman-1002,100015838,,,,civil engineering,automotive,education,[],prudential-financial,prudential financial,,11-50,,civil engineering,,,,,,,,,,,,,2018-08,"jarrell, texas, united states",jarrell,,texas,united states,north america,,,3323.0,"70,000-85,000",17.0,Automotive at Prudential Financial. 16 years across civil engineering.,[],[],[],"['digital media', 'communication', 'maintenance and repair', 'banking', 'inventory management', 'training', 'private investigations', 'solidworks', 'sales management', 'international', 'analysis', 'military leadership', 'public speaking', 'program management', 'homeland security', 'customer satisfaction', 'leadership', 'project estimation', 'oilfield', 'joint military operations', 'aircraft maintenance', 'education', 'construction safety', 'oil/gas', 'command and control', 'software installation']","['jarrell, texas, united states']",['texas'],['united states'],[],"[{'company': {'name': 'prudential financial', 'size': '1001-5000', 'industry': 'luxury goods & jewelry', 'location': {'name': 'portland, oregon, united states'}}, 'location_names': ['jarrell, texas, united states'], 'end_date': None, 'start_date': '2021-01', 'title': {'name': 'automotive', 'role': 'paramedic- medical officer and supervisor', 'sub_role': None, 'levels': []}, 'is_primary': True, 'summary': None}, {'company': {'name': 'the ucan company', 'size': '201-500', 'industry': 'accounting', 'location': {'name': 'sheffield, sheffield, united kingdom'}}, 'location_names': ['jarrell, texas, united states'], 'end_date': '2021-01', 'start_date': '2018-08', 'title': {'name': 'accountant', 'role': 'real_estate', 'sub_role': None, 'levels': ['entry']}, 'is_primary': False, 'summary': None}]","[{'school': {'name': 'indiana university–purdue university indianapolis', 'type': 'post-secondary institution', 'location': {'name': 'seattle, washington, united states'}}, 'end_date': '2007', 'start_date': '2001', 'gpa': None, 'degrees': ['master of business administration', 'bachelor of science'], 'majors': ['engineering'], 'minors': [], 'summary': None}, {'school': {'name': 'academy of learning college', 'type': 'post-secondary institution', 'location': {'name': 'alexandria, virginia, united states'}}, 'end_date': '2003', 'start_date': '2012', 'gpa': None, 'degrees': ['doctorates', 'bachelor of science'], 'majors': ['political science', 'engineering'], 'minors': [], 'summary': None}]","[{'network': 'linkedin', 'id': '100015838', 'url': 'linkedin.com/in/yusuf-bergman-1002', 'username': 'yusuf-bergman-1002'}]",[],"[{'name': 'english', 'proficiency': None}]","{'status': 'updated', 'contains': [], 'previous_version': '12.0', 'current_version': '13.0'}",,,,,,,,,,,,,,,,,,
felix marek,felix,marek,female,linkedin.com/in/felix-marek-1003,felix-marek-1003,100023757,,,,finance,marketing and advertising,sales,[],p-g-security,p&g security,,1-10,,finance,,,,,,,,,,,,,2019-05,"fairview, oregon, united states",fairview,,oregon,united states,north america,,,300.0,"100,000-150,000",24.0,Marketing And Advertising at P&G Security. 18 years across finance.,[],[],['hiking'],"['html', 'interagency coordination', 'advertising', 'photography', 'editorial', 'c#', 'adult education', 'video production', 'breaking news', 'weapons training', 'humint', 'sales management', 'flights', 'coordination', 'business process', 'sap', 'social media', 'legal research']","['fairview, oregon, united states']",['oregon'],['united states'],[],"[{'company': {'name': 'p&g security', 'size': '1-10', 'industry': 'farming', 'location': {'name': 'mount airy, maryland, united states'}}, 'location_names': ['fairview, oregon, united states'], 'end_date': None, 'start_date': '2021-04', 'title': {'name': 'marketing and advertising', 'role': 'vp; relationship manager, specialized cash management', 'sub_role': None, 'levels': []}, 'is_primary': True, 'summary': None}, {'company': {'name': 'sham', 'size': '51-200', 'industry': 'military', 'location': {'name': 'denton, texas, united states'}}, 'location_names': ['fairview, oregon, united states'], 'end_date': '2021-05', 'start_date': '2018-07', 'title': {'name': 'deputy assistant secretary', 'role': 'design', 'sub_role': None, 'levels': []}, 'is_primary': False, 'summary': None}]","[{'school': {'name': 'ier | sdu', 'type': 'post-secondary institution', 'location': {'name': 'nashville, tennessee, united states'}}, 'end_date': '2001', 'start_date': '2007', 'gpa': None, 'degrees': ['masters'], 'majors': ['political science', 'computer science'], 'minors': [], 'summary': None}, {'school': {'name': 'goshen high school, 1982', 'type': 'post-secondary institution', 'location': {'name': 'brooklyn, new york, united states'}}, 'end_date': '2004', 'start_date': '2013', 'gpa': None, 'degrees': ['doctorates'], 'majors': ['computer science'], 'minors': [], 'summary': None}]","[{'network': 'linkedin', 'id': '100023757', 'url': 'linkedin.com/in/felix-marek-1003', 'username': 'felix-marek-1003'}]",[],"[{'name': 'english', 'proficiency': None}]","{'status': 'updated', 'contains': [], 'previous_version': '12.0', 'current_version': '13.0'}",,,,,,,,,,,,,,,,,,
nadia schreiber,nadia,schreiber,,linkedin.com/in/nadia-schreiber-1004,nadia-schreiber-1004,100031676,,,,online media,senior director,education,['vp'],concord,concord,,11-50,,online media,,,,,,,,,,,,,2021-05,"saint louis, missouri, united states",saint louis,,missouri,united states,north america,,,2166.0,"100,000-150,000",11.0,Senior Director at Concord. 10 years across online media.,[],[],[],"['avionics', 'personal security', 'freight', 'joint military operations', 'ap style', 'military logistics', 'salesforce.com', 'humint', 'c4isr', 'healthcare', 'tactics', 'community outreach', 'nato', 'cold calling', 'customer relationship management', 'sigint', 'field service', 'financial analysis', 'account reconciliation', 'english', 'forecasting', 'top secret']","['saint louis, missouri, united states']",['missouri'],['united states'],[],"[{'company': {'name': 'concord', 'size': '1-10', 'industry': 'education', 'location': {'name': 'rochester, new york, united states'}}, 'location_names': ['saint louis, missouri, united states'], 'end_date': None, 'start_date': '2021-02', 'title': {'name': 'senior director', 'role': 'education', 'sub_role': None, 'levels': []}, 'is_primary': True, 'summary': None}]","[{'school': {'name': 'dallas baptist university', 'type': 'post-secondary institution', 'location': {'name': 'jarrell, texas, united states'}}, 'end_date': '2002', 'start_date': '1990', 'gpa': None, 'degrees': ['bachelor of science', 'masters'], 'majors': ['nursing', 'engineering'], 'minors': [], 'summary': None}, {'school': {'name': 'jesuit high school', 'type': 'post-secondary institution', 'location': {'name': 'st. louis, missouri, united states'}}, 'end_date': '1998', 'start_date': '2007', 'gpa': None, 'degrees': ['bachelors', 'bachelor of science'], 'majors': ['business administration'], 'minors': [], 'summary': None}]","[{'network': 'linkedin', 'id': '100031676', 'url': 'linkedin.com/in/nadia-schreiber-1004', 'username': 'nadia-schreiber-1004'}]",[],"[{'name': 'english', 'proficiency': None}]","{'status': 'updated', 'contains': [], 'previous_version': '12.0', 'current_version': '13.0'}",,,,,,,,,,,,,,,,,,
kofi haddad,kofi,haddad,female,linkedin.com/in/kofi-haddad-1005,kofi-haddad-1005,100039595,,,,online media,assistant professor of practice,education,['vp'],tennessee-valley-authority,tennessee valley authority,,201-500,,online media,,,,,,,,,,,,,2016-04,"falls church, virginia, united states",falls church,,virginia,united states,north america,,,1066.0,"70,000-85,000",17.0,Assistant Professor Of Practice at Tennessee Valley Authority. 11 years across online media.,[],[],"['history', 'music', 'chess', 'cycling']","['combat', 'power generation', 'contractors', 'adult education', 'clinical research', 'business strategy', 'surveillance', 'marine corps', 'flights', 'organizational development', 'new media', 'autocad', 'technical writing', 'leadership development', 'security clearance', 'event planning', 'computer maintenance', 'event management', 'transportation planning', 'maintenance and repair', 'politics', 'inventory management', 'security management', 'management', 'comsec', 'business process improvement', 'consulting', 'system administration', 'copywriting', 'critical thinking']","['falls church, virginia, united states']",['virginia'],['united states'],[],"[{'company': {'name': 'tennessee valley authority', 'size': '11-50', 'industry': 'health, wellness and fitness', 'location': {'name': 'asheville, north carolina, united states'}}, 'location_names': ['falls church, virginia, united states'], 'end_date': None, 'start_date': '2021-09', 'title': {'name': 'assistant professor of practice', 'role': 'city letter carrier and city carrier assistant', 'sub_role': None, 'levels': []}, 'is_primary': True, 'summary': None}, {'company': {'name': 'semrock, inc.', 'size': '1001-5000', 'industry': 'financial services', 'location': {'name': 'dallas, texas, united states'}}, 'location_names': ['falls church, virginia, united states'], 'end_date': '2021-05', 'start_date': '2018-06', 'title': {'name': 'production supervisor', 'role': 'marketing', 'sub_role': None, 'levels': []}, 'is_primary': False, 'summary': None}, {'company': {'name': 'the center of drug discovery and department of pharmaceutical sciences northeastern university', 'size': '1-10', 'industry': 'accounting', 'location': {'name': 'lorton, virginia, united states'}}, 'location_names': ['falls church, virginia, united states'], 'end_date': '2018-01', 'start_date': '2015-04', 'title': {'name': 'project manager level', 'role': 'marketing', 'sub_role': None, 'levels': ['entry']}, 'is_primary': False, 'summary': None}]","[{'school': {'name': 'georgia tech scheller college of business', 'type': 'post-secondary institution', 'location': {'name': 'philadelphia, pennsylvania, united states'}}, 'end_date': '2008', 'start_date': '2013', 'gpa': None, 'degrees': ['bachelor of science', 'associates'], 'majors': ['computer science'], 'minors': [], 'summary': None}]","[{'network': 'linkedin', 'id': '100039595', 'url': 'linkedin.com/in/kofi-haddad-1005', 'username': 'kofi-haddad-1005'}]",[],"[{'name': 'english', 'proficiency': None}]","{'status': 'updated', 'contains': [], 'previous_version': '12.0', 'current_version': '13.0'}",,,,,,,,,,,,,,,,,,
lena ruiz,lena,ruiz,female,linkedin.com/in/lena-ruiz-1006,lena-ruiz-1006,100047514,,,,consumer services,eastern regional coordinator,assistant director international programs,['owner'],northrop-grumman-corporation,northrop grumman corporation,,11-50,,consumer services,,,,,,,,,,,,,2015-07,"austin, texas, united states",austin,,texas,united states,north america,,,2936.0,"70,000-85,000",16.0,Eastern Regional Coordinator at Northrop Grumman Corporation. 11 years across consumer services.,[],[],[],"['private investigations', 'operations', 'command', 'business planning', 'emergency services', 'software documentation', 'c4isr', 'firearms', 'customer retention', 'coaching', 'sales management', 'logistics management']","['austin, texas, united states']",['texas'],['united states'],[],"[{'company': {'name': 'northrop grumman corporation', 'size': '11-50', 'industry': 'luxury goods & jewelry', 'location': {'name': 'quincy, massachusetts, united states'}}, 'location_names': ['austin, texas, united states'], 'end_date': None, 'start_date': '2021-03', 'title': {'name': 'eastern regional coordinator', 'role': 'remote monitoring and management analyst', 'sub_role': None, 'levels': []}, 'is_primary': True, 'summary': None}, {'company': {'name': 'schaper benz & wise investment counsel', 'size': '11-50', 'industry': 'health', 'location': {'name': 'springfield, tennessee, united states'}}, 'location_names': ['austin, texas, united states'], 'end_date': '2021-04', 'start_date': '2018-09', 'title': {'name': 'data analyst', 'role': 'mdp operations workcenter manager', 'sub_role': None, 'levels': ['cxo']}, 'is_primary': False, 'summary': None}, {'company': {'name': 'beaumont independent sch dist', 'size': '201-500', 'industry': 'health', 'location': {'name': 'temple, texas, united states'}}, 'location_names': ['austin, texas, united states'], 'end_date': '2018-07', 'start_date': '2015-02', 'title': {'name': 'noc administrator', 'role': 'essential services broker', 'sub_role': None, 'levels': []}, 'is_primary': False, 'summary': None}, {'company': {'name': 'democratic national committee', 'size': '11-50', 'industry': 'media', 'location': {'name': 'elizabeth city, north carolina, united states'}}, 'location_names': ['austin, texas, united states'], 'end_date': '2015-06', 'start_date': '2012-01', 'title': {'name': 'independent business owner', 'role': 'city letter carrier and city carrier assistant', 'sub_role': None, 'levels': []}, 'is_primary': False, 'summary': None}]","[{'school': {'name': 'eastern kentucky university', 'type': 'post-secondary institution', 'location': {'name': 'north palm beach, florida, united states'}}, 'end_date': '1994', 'start_date': '1993', 'gpa': None, 'degrees': ['master of business administration'], 'majors': ['nursing'], 'minors': [], 'summary': None}]","[{'network': 'linkedin', 'id': '100047514', 'url': 'linkedin.com/in/lena-ruiz-1006', 'username': 'lena-ruiz-1006'}]",[],"[{'name': 'english', 'proficiency': None}]","{'status': 'updated', 'contains': [], 'previous_version': '12.0', 'current_version': '13.0'}",,,,,,,,,,,,,,,,,,
luca odonnell,luca,odonnell,,linkedin.com/in/luca-odonnell-1007,luca-odonnell-1007,100055433,,,,mechanical or industrial engineering,lean program manager,remote monitoring and management analyst,[],iqvia,iqvia,,201-500,,mechanical or industrial engineering,,,,,,,,,,,,,2012-07,"jarrell, texas, united states",jarrell,,texas,united states,north america,,,2760.0,"45,000-55,000",25.0,Lean Program Manager at Iqvia. 19 years across mechanical or industrial engineering.,[],[],"['music', 'travel', 'chess']","['electronic warfare', 'journalism', 'american', 'process improvement', 'lean manufacturing', 'data acquisition', 'recruiting', 'staff development', 'fundraising', 'facilities management', 'switches', 'change management', 'solidworks', 'critical thinking', 'customer relations', 'computer maintenance', 'windows 7', 'project planning', 'multimedia', 'advertising']","['jarrell, texas, united states']",['texas'],['united states'],[],"[{'company': {'name': 'iqvia', 'size': '201-500', 'industry': 'higher education', 'location': {'name': 'springboro, ohio, united states'}}, 'location_names': ['jarrell, texas, united states'], 'end_date': None, 'start_date': '2021-09', 'title': {'name': 'lean program manager', 'role': 'paramedic- medical officer and supervisor', 'sub_role': None, 'levels': ['owner']}, 'is_primary': True, 'summary': None}, {'company': {'name': 'prudential financial', 'size': '1001-5000', 'industry': 'hospital & health care', 'location': {'name': 'united states'}}, 'location_names': ['jarrell, texas, united states'], 'end_date': '2021-06', 'start_date': '2018-09', 'title': {'name': 'senior associate, health industries advisory', 'role': 'transportation operations manager', 'sub_role': None, 'levels': ['cxo']}, 'is_primary': False, 'summary': None}, {'company': {'name': 'nextera energy resources', 'size': '201-500', 'industry': 'aviation & aerospace', 'location': {'name': 'villanova, pennsylvania, united states'}}, 'location_names': ['jarrell, texas, united states'], 'end_date': '2018-09', 'start_date': '2015-04', 'title': {'name': 'business segment manager p and s', 'role': 'property and consumable controller', 'sub_role': None, 'levels': []}, 'is_primary': False, 'summary': None}]","[{'school': {'name': 'central michigan university', 'type': 'post-secondary institution', 'location': {'name': 'tooele, utah, united states'}}, 'end_date': '2016', 'start_date': '2002', 'gpa': None, 'degrees': ['associates'], 'majors': ['engineering', 'nursing'], 'minors': [], 'summary': None}, {'school': {'name': 'fordham university school of law', 'type': 'post-secondary institution', 'location': {'name': 'marion, texas, united states'}}, 'end_date': '1998', 'start_date': '2013', 'gpa': None, 'degrees': ['doctorates', 'associates'], 'majors': ['nursing'], 'minors': [], 'summary': None}]","[{'network': 'linkedin', 'id': '100055433', 'url': 'linkedin.com/in/luca-odonnell-1007', 'username': 'luca-odonnell-1007'}]",[],"[{'name': 'english', 'proficiency': None}]","{'status': 'updated', 'contains': [], 'previous_version': '12.0', 'current_version': '13.0'}",,,,,,,,,,,,,,,,,,
liam schreiber,liam,schreiber,female,linkedin.com/in/liam-schreiber-1008,liam-schreiber-1008,100063352,,,,design,account coordinator,paramedic- medical officer and supervisor,['partner'],new-york,new york,,1001-5000,,design,,,,,,,,,,,,,2019-09,"fredericksburg, virginia, united states",fredericksburg,,virginia,united states,north america,,,2260.0,"100,000-150,000",7.0,Account Coordinator at New York. 18 years across design.,[],[],"['history', 'music']","['defense', 'news writing', 'construction', 'mergers and acquisitions', 'entrepreneurship', 'new business development', 'customer service', 'publications', 'javascript', 'aerospace', 'negotiation', 'coordination', 'customer satisfaction', 'civil engineering', 'video production', 'healthcare', 'disaster response', 'marksmanship', 'team building', 'photography', 'wireless', 'volunteer management', 'homeland security', 'crisis communications', 'career counseling', 'materials']","['fredericksburg, virginia, united states']",['virginia'],['united states'],[],"[{'company': {'name': 'new york', 'size': '1001-5000', 'industry': 'human resources', 'location': {'name': 'fort worth, texas, united states'}}, 'location_names': ['fredericksburg, virginia, united states'], 'end_date': None, 'start_date': '2021-01', 'title': {'name': 'account coordinator', 'role': 'legal', 'sub_role': None, 'levels': []}, 'is_primary': True, 'summary': None}, {'company': {'name': 'sham', 'size': '201-500', 'industry': 'mental health care', 'location': {'name': 'nederland, texas, united states'}}, 'location_names': ['fredericksburg, virginia, united states'], 'end_date': '2021-03', 'start_date': '2018-09', 'title': {'name': 'clinical site manager ii', 'role': 'essential services broker', 'sub_role': None, 'levels': ['manager']}, 'is_primary': False, 'summary': None}, {'company': {'name': 'perenco', 'size': '51-200', 'industry': 'human resources', 'location': {'name': 'san antonio, texas, united states'}}, 'location_names': ['fredericksburg, virginia, united states'], 'end_date': '2018-05', 'start_date': '2015-09', 'title': {'name': 'f and a-18 field service representative', 'role': 'essential services broker', 'sub_role': None, 'levels': ['cxo']}, 'is_primary': False, 'summary': None}]","[{'school': {'name': 'eastern kentucky university', 'type': 'post-secondary institution', 'location': {'name': 'sheffield, sheffield, united kingdom'}}, 'end_date': '1996', 'start_date': '2015', 'gpa': None, 'degrees': ['bachelors', 'master of business administration'], 'majors': ['engineering'], 'minors': [], 'summary': None}]","[{'network': 'linkedin', 'id': '100063352', 'url': 'linkedin.com/in/liam-schreiber-1008', 'username': 'liam-schreiber-1008'}]",[],"[{'name': 'english', 'proficiency': None}]","{'status': 'updated', 'contains': [], 'previous_version': '12.0', 'current_version': '13.0'}",,,,,,,,,,,,,,,,,,
hugo kozlov,hugo,kozlov,,linkedin.com/in/hugo-kozlov-1009,hugo-kozlov-1009,100071271,,,,medical devices,system administrator,transportation operations manager,['vp'],reallab,reallab,,201-500,,medical devices,,,,,,,,,,,,,2018-03,"mount airy, maryland, united states",mount airy,,maryland,united states,north america,,,339.0,"45,000-55,000",7.0,System Administrator at Reallab. 5 years across medical devices.,[],[],['travel'],"['inspection', 'negotiation', 'joint military operations', 'integration', 'security clearance', 'research', 'blogging', 'marketing strategy', 'forklift operation', 'administration', 'marine corps', 'c#', 'account reconciliation', 'publicity', 'proofreading', 'nonprofits']","['mount airy, maryland, united states']",['maryland'],['united states'],[],"[{'company': {'name': 'reallab', 'size': '11-50', 'industry': 'military', 'location': {'name': 'lewiston, idaho, united states'}}, 'location_names': ['mount airy, maryland, united states'], 'end_date': None, 'start_date': '2021-03', 'title': {'name': 'system administrator', 'role': 'vp; relationship manager, specialized cash management', 'sub_role': None, 'levels': []}, 'is_primary': True, 'summary': None}, {'company': {'name': 'ashland inc', 'size': '11-50', 'industry': 'non-profit organization management', 'location': {'name': 'sugar land, texas, united states'}}, 'location_names': ['mount airy, maryland, united states'], 'end_date': '2021-02', 'start_date': '2018-01', 'title': {'name': 'medical practice', 'role': 'engineering', 'sub_role': None, 'levels': []}, 'is_primary': False, 'summary': None}, {'company': {'name': 'department of veterans affairs', 'size': '1001-5000', 'industry': 'electrical/electronic manufacturing', 'location': {'name': 'clinton township, michigan, united states'}}, 'location_names': ['mount airy, maryland, united states'], 'end_date': '2018-03', 'start_date': '2015-04', 'title': {'name': 'associate', 'role': 'transportation operations manager', 'sub_role': None, 'levels': ['manager']}, 'is_primary': False, 'summary': None}, {'company': {'name': 'j.e garmon consulting', 'size': '201-500', 'industry': 'health', 'location': {'name': 'kenosha, wisconsin, united states'}}, 'location_names': ['mount airy, maryland, united states'], 'end_date': '2015-08', 'start_date': '2012-06', 'title': {'name': 'principle material program manager', 'role': 'sales', 'sub_role': None, 'levels': []}, 'is_primary': False, 'summary': None}]","[{'school': {'name': 'coastline community college', 'type': 'post-secondary institution', 'location': {'name': 'minneapolis, minnesota, united states'}}, 'end_date': '1994', 'start_date': '2004', 'gpa': None, 'degrees': ['associates'], 'majors': ['psychology', 'business administration'], 'minors': [], 'summary': None}, {'school': {'name': 'kingwood high school', 'type': 'post-secondary institution', 'location': {'name': 'brookfield, massachusetts, united states'}}, 'end_date': '2009', 'start_date': '2013', 'gpa': None, 'degrees': ['bachelor of science', 'bachelors'], 'majors': ['engineering'], 'minors': [], 'summary': None}]","[{'network': 'linkedin', 'id': '100071271', 'url': 'linkedin.com/in/hugo-kozlov-1009', 'username': 'hugo-kozlov-1009'}]",[],"[{'name': 'english', 'proficiency': None}]","{'status': 'updated', 'contains': [], 'previous_version': '12.0', 'current_version': '13.0'}",,,,,,,,,,,,,,,,,,
omar delgado,omar,delgado,,linkedin.com/in/omar-delgado-1010,omar-delgado-1010,100079190,,,,online media,marketing and advertising,sales,['vp'],nasa-langley-research-center,nasa langley research center,,201-500,,online media,,,,,,,,,,,,,2022-04,"denton, texas, united states",denton,,texas,united states,north america,,,3569.0,">250,000",29.0,Marketing And Advertising at Nasa Langley Research Center. 7 years across online media.,[],[],"['music', 'history', 'chess']","['financial reporting', 'advertising', 'aed', 'project planning', 'negotiation', 'microsoft word', 'system administration', 'personal protection', 'u.s. department of defense', 'digital media', 'education', 'aerospace', 'operating systems', 'clinical research', 'business services', 'magazines', 'sales', 'customer relations', 'courts', 'military logistics', 'new business development', 'foreign policy', 'network administration', 'accounting', 'proofreading', 'contract negotiation']","['denton, texas, united states']",['texas'],['united states'],[],"[{'company': {'name': 'nasa langley research center', 'size': '1001-5000', 'industry': 'engineering', 'location': {'name': 'portland, oregon, united states'}}, 'location_names': ['denton, texas, united states'], 'end_date': None, 'start_date': '2021-03', 'title': {'name': 'marketing and advertising', 'role': 'resident agent in charge', 'sub_role': None, 'levels': []}, 'is_primary': True, 'summary': None}, {'company': {'name': 'orange county sheriff-coroner\'s department', 'size': '1001-5000', 'industry': 'consumer electronics', 'location': {'name': 'iraq'}}, 'location_names': ['denton, texas, united states'], 'end_date': '2021-01', 'start_date': '2018-01', 'title': {'name': 'semiconductors', 'role': 'field supervisor', 'sub_role': None, 'levels': []}, 'is_primary': False, 'summary': None}, {'company': {'name': 'tennessee valley authority', 'size': '1001-5000', 'industry': 'consumer electronics', 'location': {'name': 'charlotte, north carolina, united states'}}, 'location_names': ['denton, texas, united states'], 'end_date': '2018-07', 'start_date': '2015-02', 'title': {'name': 'legislative assistant', 'role': 'network controller', 'sub_role': None, 'levels': ['owner']}, 'is_primary': False, 'summary': None}]","[{'school': {'name': 'california western school of law', 'type': 'post-secondary institution', 'location': {'name': 'farmingdale, new jersey, united states'}}, 'end_date': '2005', 'start_date': '2006', 'gpa': None, 'degrees': ['masters', 'master of business administration'], 'majors': ['psychology'], 'minors': [], 'summary': None}, {'school': {'name': 'american military university', 'type': 'post-secondary institution', 'location': {'name': 'villanova, pennsylvania, united states'}}, 'end_date': '1991', 'start_date': '1986', 'gpa': None, 'degrees': ['bachelors', 'masters'], 'majors': ['computer science'], 'minors': [], 'summary': None}]","[{'network': 'linkedin', 'id': '100079190', 'url': 'linkedin.com/in/omar-delgado-1010', 'username': 'omar-delgado-1010'}]",[],"[{'name': 'english', 'proficiency': None}]","{'status': 'updated', 'contains': [], 'previous_version': '12.0', 'current_version': '13.0'}",,,,,,,,,,,,,,,,,,
emil mensah,emil,mensah,male,linkedin.com/in/emil-mensah-1011,emil-mensah-1011,100087109,,,,design,hospital & health care,assistant director international programs,['director'],uline,uline,,1001-5000,,design,,,,,,,,,,,,,2023-08,"denton, texas, united states",denton,,texas,united states,north america,,,807.0,"70,000-85,000",17.0,Hospital & Health Care at Uline. 7 years across design.,[],[],"['chess', 'travel', 'history']","['social networking', 'payroll', 'nonprofits', 'risk assessment', 'testing', 'military operations', 'volunteer management', 'access', 'digital media', 'problem solving', 'intelligence', 'policy']","['denton, texas, united states']",['texas'],['united states'],[],"[{'company': {'name': 'uline', 'size': '51-200', 'industry': 'legislative office', 'location': {'name': 'sheffield, sheffield, united kingdom'}}, 'location_names': ['denton, texas, united states'], 'end_date': None, 'start_date': '2021-01', 'title': {'name': 'hospital & health care', 'role': 'city letter carrier and city carrier assistant', 'sub_role': None, 'levels': []}, 'is_primary': True, 'summary': None}, {'company': {'name': 'kbr, inc.', 'size': '1-10', 'industry': 'consumer electronics', 'location': {'name': 'falls church, virginia, united states'}}, 'location_names': ['denton, texas, united states'], 'end_date': '2021-02', 'start_date': '2018-06', 'title': {'name': 'realtor associate', 'role': 'education', 'sub_role': None, 'levels': []}, 'is_primary': False, 'summary': None}, {'company': {'name': 'phoenix counter risk', 'size': '11-50', 'industry': 'design', 'location': {'name': 'wisconsin, united states'}}, 'location_names': ['denton, texas, united states'], 'end_date': '2018-06', 'start_date': '2015-06', 'title': {'name': 'logistics and supply chain', 'role': 'finance', 'sub_role': None, 'levels': []}, 'is_primary': False, 'summary': None}]","[{'school': {'name': 'charter college', 'type': 'post-secondary institution', 'location': {'name': 'fairview, oregon, united states'}}, 'end_date': '2010', 'start_date': '1987', 'gpa': None, 'degrees': ['bachelor of science'], 'majors': ['engineering'], 'minors': [], 'summary': None}, {'school': {'name': 'eastern new mexico university', 'type': 'post-secondary institution', 'location': {'name': 'sanford, north carolina, united states'}}, 'end_date': '2014', 'start_date': '2007', 'gpa': None, 'degrees': ['bachelors', 'master of business administration'], 'majors': ['business administration', 'engineering'], 'minors': [], 'summary': None}]","[{'network': 'linkedin', 'id': '100087109', 'url': 'linkedin.com/in/emil-mensah-1011', 'username': 'emil-mensah-1011'}]",[],"[{'name': 'english', 'proficiency': None}]","{'status': 'updated', 'contains': [], 'previous_version': '12.0', 'current_version': '13.0'}",,,,,,,,,,,,,,,,,,
omar schreiber,omar,schreiber,,linkedin.com/in/omar-schreiber-1012,omar-schreiber-1012,100095028,,,,health,logistics and supply chain,media,[],mustang-public-schools,mustang public schools,,1001-5000,,health,,,,,,,,,,,,,2018-02,"nederland, texas, united states",nederland,,texas,united states,north america,,,1593.0,">250,000",28.0,Logistics And Supply Chain at Mustang Public Schools. 18 years across health.,[],[],['hiking'],"['customer relations', 'finance', 'customer relationship management', 'police', 'bls', 'sales', 'routers', 'entrepreneurship', 'training', 'customer retention', 'feature articles', 'political science', 'natural gas', 'collaborative problem solving', 'windows', 'proofreading', 'construction']","['nederland, texas, united states']",['texas'],['united states'],[],"[{'company': {'name': 'mustang public schools', 'size': '11-50', 'industry': 'online media', 'location': {'name': 'campbell, kentucky, united states'}}, 'location_names': ['nederland, texas, united states'], 'end_date': None, 'start_date': '2021-04', 'title': {'name': 'logistics and supply chain', 'role': 'retail sales associate', 'sub_role': None, 'levels': []}, 'is_primary': True, 'summary': None}]","[{'school': {'name': 'grand river technical school', 'type': 'post-secondary institution', 'location': {'name': 'united states'}}, 'end_date': '2013', 'start_date': '2014', 'gpa': None, 'degrees': ['masters'], 'majors': ['nursing'], 'minors': [], 'summary': None}]","[{'network': 'linkedin', 'id': '100095028', 'url': 'linkedin.com/in/omar-schreiber-1012', 'username': 'omar-schreiber-1012'}]",[],"[{'name': 'english', 'proficiency': None}]","{'status': 'updated', 'contains': [], 'previous_version': '12.0', 'current_version': '13.0'}",,,,,,,,,,,,,,,,,,
kian abiola,kian,abiola,female,linkedin.com/in/kian-abiola-1013,kian-abiola-1013,100102947,,,,media,captain and training coordinator,essential services broker,['manager'],techsynergy,techsynergy,,51-200,,media,,,,,,,,,,,,,2021-04,"denton, texas, united states",denton,,texas,united states,north america,,,3682.0,"100,000-150,000",18.0,Captain And Training Coordinator at Techsynergy. 4 years across media.,[],[],"['cycling', 'travel', 'history']","['personal security', 'public relations', 'customer relationship management', 'management', 'supervision', 'cpr certified', 'business process', 'intelligence analysis', 'advertising', 'risk management', 'policy', 'account reconciliation', 'protection', 'retail', 'operations management', 'data acquisition', 'defense', 'team management', 'maintenance and repair', 'french', 'computer security', 'javascript', 'excel', 'integration', 'business services', 'interrogation', 'command', 'event management', 'piping']","['denton, texas, united states']",['texas'],['united states'],[],"[{'company': {'name': 'techsynergy', 'size': '11-50', 'industry': 'non-profit organization management', 'location': {'name': 'st. louis, missouri, united states'}}, 'location_names': ['denton, texas, united states'], 'end_date': None, 'start_date': '2021-06', 'title': {'name': 'captain and training coordinator', 'role': 'legal', 'sub_role': None, 'levels': ['partner']}, 'is_primary': True, 'summary': None}, {'company': {'name': 'telemed2u', 'size': '201-500', 'industry': 'consumer electronics', 'location': {'name': 'fairview, oregon, united states'}}, 'location_names': ['denton, texas, united states'], 'end_date': '2021-04', 'start_date': '2018-05', 'title': {'name': 'founder | director operations management security', 'role': 'network controller', 'sub_role': None, 'levels': ['manager']}, 'is_primary': False, 'summary': None}, {'company': {'name': 'orange county rescue mission', 'size': '1001-5000', 'industry': 'banking', 'location': {'name': 'fairview, oregon, united states'}}, 'location_names': ['denton, texas, united states'], 'end_date': '2018-04', 'start_date': '2015-04', 'title': {'name': 'it applications administrator', 'role': 'assistant director international programs', 'sub_role': None, 'levels': ['manager']}, 'is_primary': False, 'summary': None}, {'company': {'name': 'ica language services', 'size': '11-50', 'industry': 'libraries', 'location': {'name': 'rochester, new york, united states'}}, 'location_names': ['denton, texas, united states'], 'end_date': '2015-04', 'start_date': '2012-01', 'title': {'name': 'digital media producer, cnn heroes', 'role': 'project manager', 'sub_role': None, 'levels': ['cxo']}, 'is_primary': False, 'summary': None}]","[{'school': {'name': 'florida international university', 'type': 'post-secondary institution', 'location': {'name': 'rochester, new york, united states'}}, 'end_date': '1998', 'start_date': '2013', 'gpa': None, 'degrees': ['master of business administration'], 'majors': ['nursing'], 'minors': [], 'summary': None}, {'school': {'name': 'franklin university', 'type': 'post-secondary institution', 'location': {'name': 'iraq'}}, 'end_date': '2018', 'start_date': '2003', 'gpa': None, 'degrees': ['bachelor of science', 'masters'], 'majors': ['political science'], 'minors': [], 'summary': None}]","[{'network': 'linkedin', 'id': '100102947', 'url': 'linkedin.com/in/kian-abiola-1013', 'username': 'kian-abiola-1013'}]",[],"[{'name': 'english', 'proficiency': None}]","{'status': 'updated', 'contains': [], 'previous_version': '12.0', 'current_version': '13.0'}",,,,,,,,,,,,,,,,,,
nadia iversen,nadia,iversen,female,linkedin.com/in/nadia-iversen-1014,nadia-iversen-1014,100110866,,,,accounting,science operations lead,design,[],kone,kone,,201-500,,accounting,,,,,,,,,,,,,2016-01,"frisco, texas, united states",frisco,,texas,united states,north america,,,2265.0,"55,000-70,000",23.0,Science Operations Lead at Kone. 15 years across accounting.,[],[],"['photography', 'hiking']","['shipping', 'forklift operation', 'project planning', 'interagency coordination', 'business strategy', 'salesforce.com']","['frisco, texas, united states']",['texas'],['united states'],[],"[{'company': {'name': 'kone', 'size': '51-200', 'industry': 'education', 'location': {'name': 'seattle, washington, united states'}}, 'location_names': ['frisco, texas, united states'], 'end_date': None, 'start_date': '2021-07', 'title': {'name': 'science operations lead', 'role': 'vp; relationship manager, specialized cash management', 'sub_role': None, 'levels': ['owner']}, 'is_primary': True, 'summary': None}, {'company': {'name': 'quality back office', 'size': '1-10', 'industry': 'business development', 'location': {'name': 'churubusco, indiana, united states'}}, 'location_names': ['frisco, texas, united states'], 'end_date': '2021-07', 'start_date': '2018-09', 'title': {'name': 'mcsg', 'role': 'operations', 'sub_role': None, 'levels': []}, 'is_primary': False, 'summary': None}, {'company': {'name': 'the american university of kurdistan', 'size': '1-10', 'industry': 'operations', 'location': {'name': 'glenview, illinois, united states'}}, 'location_names': ['frisco, texas, united states'], 'end_date': '2018-08', 'start_date': '2015-01', 'title': {'name': 'senior software engineer', 'role': 'sales', 'sub_role': None, 'levels': []}, 'is_primary': False, 'summary': None}, {'company': {'name': 'stafford g conley jr dds pc', 'size': '51-200', 'industry': 'engineering', 'location': {'name': 'atlanta, georgia, united states'}}, 'location_names': ['frisco, texas, united states'], 'end_date': '2015-04', 'start_date': '2012-06', 'title': {'name': 'marketing and advertising', 'role': 'research associate professor and adjunct professor of biology', 'sub_role': None, 'levels': ['owner']}, 'is_primary': False, 'summary': None}]","[{'school': {'name': 'guilderland high school', 'type': 'post-secondary institution', 'location': {'name': 'springfield, tennessee, united states'}}, 'end_date': '1995', 'start_date': '2007', 'gpa': None, 'degrees': ['masters'], 'majors': ['engineering', 'business administration'], 'minors': [], 'summary': None}, {'school': {'name': 'arkansas state university - beebe', 'type': 'post-secondary institution', 'location': {'name': 'lewiston, idaho, united states'}}, 'end_date': '2014', 'start_date': '1999', 'gpa': None, 'degrees': ['master of business administration', 'associates'], 'majors': ['nursing', 'business administration'], 'minors': [], 'summary': None}]","[{'network': 'linkedin', 'id': '100110866', 'url': 'linkedin.com/in/nadia-iversen-1014', 'username': 'nadia-iversen-1014'}]",[],"[{'name': 'english', 'proficiency': None}]","{'status': 'updated', 'contains': [], 'previous_version': '12.0', 'current_version': '13.0'}",,,,,,,,,,,,,,,,,,
yusuf nakamura,yusuf,nakamura,male,linkedin.com/in/yusuf-nakamura-1015,yusuf-nakamura-1015,100118785,,,,construction,adjunct instructor,business owner,[],nextera-energy-resources,nextera energy resources,,11-50,,construction,,,,,,,,,,,,,2023-07,"mclean, virginia, united states",mclean,,virginia,united states,north america,,,1556.0,"85,000-100,000",19.0,Adjunct Instructor at Nextera Energy Resources. 16 years across construction.,[],[],['music'],"['aircraft maintenance', 'maintenance and repair', 'hardware', 'military training', 'electronics', 'team leadership', 'desktop computers', 'curriculum design', 'intelligence', 'homeland security']","['mclean, virginia, united states']",['virginia'],['united states'],[],"[{'company': {'name': 'nextera energy resources', 'size': '1001-5000', 'industry': 'higher education', 'location': {'name': 'centreville, virginia, united states'}}, 'location_names': ['mclean, virginia, united states'], 'end_date': None, 'start_date': '2021-08', 'title': {'name': 'adjunct instructor', 'role': 'operations', 'sub_role': None, 'levels': []}, 'is_primary': True, 'summary': None}, {'company': {'name': 'oregon state legislature', 'size': '51-200', 'industry': 'non-profit organization management', 'location': {'name': 'phoenix, arizona, united states'}}, 'location_names': ['mclean, virginia, united states'], 'end_date': '2021-08', 'start_date': '2018-05', 'title': {'name': 'aviation & aerospace', 'role': 'transportation operations manager', 'sub_role': None, 'levels': []}, 'is_primary': False, 'summary': None}, {'company': {'name': 'compliancehr', 'size': '201-500', 'industry': 'chemicals', 'location': {'name': 'smithville, texas, united states'}}, 'location_names': ['mclean, virginia, united states'], 'end_date': '2018-05', 'start_date': '2015-07', 'title': {'name': 'distributed mission operations sme', 'role': 'paramedic- medical officer and supervisor', 'sub_role': None, 'levels': ['director']}, 'is_primary': False, 'summary': None}, {'company': {'name': 'u.s. army command and general staff college', 'size': '1001-5000', 'industry': 'health, wellness and fitness', 'location': {'name': 'breaux bridge, louisiana, united states'}}, 'location_names': ['mclean, virginia, united states'], 'end_date': '2015-04', 'start_date': '2012-02', 'title': {'name': 'assistant professor', 'role': 'operations', 'sub_role': None, 'levels': []}, 'is_primary': False, 'summary': None}]","[{'school': {'name': 'kingwood high school', 'type': 'post-secondary institution', 'location': {'name': 'mount airy, maryland, united states'}}, 'end_date': '1999', 'start_date': '2001', 'gpa': None, 'degrees': ['associates', 'master of business administration'], 'majors': ['engineering', 'computer science'], 'minors': [], 'summary': None}]","[{'network': 'linkedin', 'id': '100118785', 'url': 'linkedin.com/in/yusuf-nakamura-1015', 'username': 'yusuf-nakamura-1015'}]",[],"[{'name': 'english', 'proficiency': None}]","{'status': 'updated', 'contains': [], 'previous_version': '12.0', 'current_version': '13.0'}",,,,,,,,,,,,,,,,,,
ivan varga,ivan,varga,male,linkedin.com/in/ivan-varga-1016,ivan-varga-1016,100126704,,,,engineering,chief executive officer and president,project manager,[],oregon-state-legislature,oregon state legislature,,1-10,,engineering,,,,,,,,,,,,,2020-07,"sheffield, sheffield, united kingdom",sheffield,,sheffield,united kingdom,north america,,,1205.0,"55,000-70,000",11.0,Chief Executive Officer And President at Oregon State Legislature. 3 years across engineering.,[],[],['travel'],"['databases', 'finance', 'personnel management', 'private investigations', 'veterans', 'team management', 'c#', 'content strategy', 'mentoring', 'personal security', 'risk assessment', 'army', 'statistics', 'oil and gas industry', 'start ups', 'criminal justice']","['sheffield, sheffield, united kingdom']",['sheffield'],['united kingdom'],[],"[{'company': {'name': 'oregon state legislature', 'size': '51-200', 'industry': 'apparel & fashion', 'location': {'name': 'philadelphia, pennsylvania, united states'}}, 'location_names': ['sheffield, sheffield, united kingdom'], 'end_date': None, 'start_date': '2021-03', 'title': {'name': 'chief executive officer and president', 'role': 'vp; relationship manager, specialized cash management', 'sub_role': None, 'levels': ['entry']}, 'is_primary': True, 'summary': None}, {'company': {'name': 'new york sports and joints', 'size': '1001-5000', 'industry': 'oil & energy', 'location': {'name': 'white salmon, washington, united states'}}, 'location_names': ['sheffield, sheffield, united kingdom'], 'end_date': '2021-07', 'start_date': '2018-04', 'title': {'name': 'international affairs', 'role': 'transportation operations manager', 'sub_role': None, 'levels': ['vp']}, 'is_primary': False, 'summary': None}, {'company': {'name': 'artemis studios', 'size': '1001-5000', 'industry': 'legislative office', 'location': {'name': 'asheville, north carolina, united states'}}, 'location_names': ['sheffield, sheffield, united kingdom'], 'end_date': '2018-05', 'start_date': '2015-01', 'title': {'name': 'middle school mathematics teacher', 'role': 'education', 'sub_role': None, 'levels': ['manager']}, 'is_primary': False, 'summary': None}]","[{'school': {'name': 'guilderland high school', 'type': 'post-secondary institution', 'location': {'name': 'normal, illinois, united states'}}, 'end_date': '1993', 'start_date': '1987', 'gpa': None, 'degrees': ['master of business administration'], 'majors': ['computer science', 'nursing'], 'minors': [], 'summary': None}]","[{'network': 'linkedin', 'id': '100126704', 'url': 'linkedin.com/in/ivan-varga-1016', 'username': 'ivan-varga-1016'}]",[],"[{'name': 'english', 'proficiency': None}]","{'status': 'updated', 'contains': [], 'previous_version': '12.0', 'current_version': '13.0'}",,,,,,,,,,,,,,,,,,
nina aubert,nina,aubert,male,linkedin.com/in/nina-aubert-1017,nina-aubert-1017,100134623,,,,hospitality,it applications administrator,sales,[],states-logistics-services-inc-,"states logistics services, inc.",,201-500,,hospitality,,,,,,,,,,,,,2012-09,"lewiston, idaho, united states",lewiston,,idaho,united states,north america,,,2845.0,"85,000-100,000",12.0,"It Applications Administrator at States Logistics Services, Inc.. 15 years across hospitality.",[],[],"['travel', 'history']","['military operations', 'homeland security', 'emergency management', 'property', 'excel', 'contingency planning', 'account reconciliation', 'software', 'intelligence', 'patient safety', 'broadcast journalism', 'afghanistan', 'information security', 'grant writing', 'combat', 'microsoft word', 'international relations', 'program management', 'investigation']","['lewiston, idaho, united states']",['idaho'],['united states'],[],"[{'company': {'name': 'states logistics services, inc.', 'size': '1001-5000', 'industry': 'education management', 'location': {'name': 'churubusco, indiana, united states'}}, 'location_names': ['lewiston, idaho, united states'], 'end_date': None, 'start_date': '2021-03', 'title': {'name': 'it applications administrator', 'role': 'mdp operations workcenter manager', 'sub_role': None, 'levels': ['cxo']}, 'is_primary': True, 'summary': None}, {'company': {'name': 'dod inspector general', 'size': '1001-5000', 'industry': 'business development', 'location': {'name': 'jacksonville, florida, united states'}}, 'location_names': ['lewiston, idaho, united states'], 'end_date': '2021-01', 'start_date': '2018-09', 'title': {'name': 'laboratory sales representative', 'role': 'finance', 'sub_role': None, 'levels': []}, 'is_primary': False, 'summary': None}]","[{'school': {'name': 'central texas college', 'type': 'post-secondary institution', 'location': {'name': 'seattle, washington, united states'}}, 'end_date': '1998', 'start_date': '1989', 'gpa': None, 'degrees': ['bachelors'], 'majors': ['computer science', 'business administration'], 'minors': [], 'summary': None}]","[{'network': 'linkedin', 'id': '100134623', 'url': 'linkedin.com/in/nina-aubert-1017', 'username': 'nina-aubert-1017'}]",[],"[{'name': 'english', 'proficiency': None}]","{'status': 'updated', 'contains': [], 'previous_version': '12.0', 'current_version': '13.0'}",,,,,,,,,,,,,,,,,,
anton moreau,anton,moreau,male,linkedin.com/in/anton-moreau-1018,anton-moreau-1018,100142542,,,,media,associate consultant,field supervisor,[],metropolitan-center-for-women-and-children,metropolitan center for women and children,,1-10,,media,,,,,,,,,,,,,2021-02,"alexandria, virginia, united states",alexandria,,virginia,united states,north america,,,2163.0,"100,000-150,000",30.0,Associate Consultant at Metropolitan Center For Women And Children. 15 years across media.,[],[],"['cycling', 'hiking']","['hardware', 'pipelines', 'healthcare', 'windows 7', 'start ups', 'military aviation', 'english', 'flights', 'international development', 'c#', 'information security', 'security management', 'security', 'personnel management', 'supply chain management', 'communication', 'safety management systems', 'education']","['alexandria, virginia, united states']",['virginia'],['united states'],[],"[{'company': {'name': 'metropolitan center for women and children', 'size': '51-200', 'industry': 'consumer services', 'location': {'name': 'saint louis, missouri, united states'}}, 'location_names': ['alexandria, virginia, united states'], 'end_date': None, 'start_date': '2021-05', 'title': {'name': 'associate consultant', 'role': 'paramedic- medical officer and supervisor', 'sub_role': None, 'levels': []}, 'is_primary': True, 'summary': None}, {'company': {'name': 'cybera', 'size': '51-200', 'industry': 'media', 'location': {'name': 'paducah, kentucky, united states'}}, 'location_names': ['alexandria, virginia, united states'], 'end_date': '2021-07', 'start_date': '2018-04', 'title': {'name': 'structural shipbuilder design manager', 'role': 'retail sales associate', 'sub_role': None, 'levels': []}, 'is_primary': False, 'summary': None}]","[{'school': {'name': 'elliott school of international affairs', 'type': 'post-secondary institution', 'location': {'name': 'tooele, utah, united states'}}, 'end_date': '1995', 'start_date': '1986', 'gpa': None, 'degrees': ['bachelor of science'], 'majors': ['computer science'], 'minors': [], 'summary': None}, {'school': {'name': 'indiana university robert h. mckinney school of law', 'type': 'post-secondary institution', 'location': {'name': 'phoenix, arizona, united states'}}, 'end_date': '1997', 'start_date': '2002', 'gpa': None, 'degrees': ['master of business administration'], 'majors': ['engineering', 'political science'], 'minors': [], 'summary': None}]","[{'network': 'linkedin', 'id': '100142542', 'url': 'linkedin.com/in/anton-moreau-1018', 'username': 'anton-moreau-1018'}]",[],"[{'name': 'english', 'proficiency': None}]","{'status': 'updated', 'contains': [], 'previous_version': '12.0', 'current_version': '13.0'}",,,,,,,,,,,,,,,,,,
elena fontaine,elena,fontaine,male,linkedin.com/in/elena-fontaine-1019,elena-fontaine-1019,100150461,,,,consumer services,president,project manager,[],old-national-bank,old national bank,,11-50,,consumer services,,,,,,,,,,,,,2016-08,"fort worth, texas, united states",fort worth,,texas,united states,north america,,,3336.0,"70,000-85,000",3.0,President at Old National Bank. 11 years across consumer services.,[],[],[],"['information assurance', 'distribution center operations', 'account reconciliation', 'crisis communications', 'international relations', 'entrepreneurship', 'community outreach', 'quality assurance', 'windows 7', 'sigint', 'switches', 'security management', 'interagency coordination']","['fort worth, texas, united states']",['texas'],['united states'],[],"[{'company': {'name': 'old national bank', 'size': '11-50', 'industry': 'human resources', 'location': {'name': 'quincy, massachusetts, united states'}}, 'location_names': ['fort worth, texas, united states'], 'end_date': None, 'start_date': '2021-07', 'title': {'name': 'president', 'role': 'legal', 'sub_role': None, 'levels': []}, 'is_primary': True, 'summary': None}, {'company': {'name': 'cybera', 'size': '201-500', 'industry': 'accounting', 'location': {'name': 'austin, texas, united states'}}, 'location_names': ['fort worth, texas, united states'], 'end_date': '2021-06', 'start_date': '2018-02', 'title': {'name': 'far part 21 and 145 quality inspector', 'role': 'mdp operations workcenter manager', 'sub_role': None, 'levels': []}, 'is_primary': False, 'summary': None}, {'company': {'name': 'national vendor', 'size': '11-50', 'industry': 'media', 'location': {'name': 'overland park, kansas, united states'}}, 'location_names': ['fort worth, texas, united states'], 'end_date': '2018-09', 'start_date': '2015-02', 'title': {'name': 'senior associate, health industries advisory', 'role': 'state strategic planner', 'sub_role': None, 'levels': []}, 'is_primary': False, 'summary': None}, {'company': {'name': 'applied materials', 'size': '1001-5000', 'industry': 'food & beverages', 'location': {'name': 'brookfield, massachusetts, united states'}}, 'location_names': ['fort worth, texas, united states'], 'end_date': '2015-06', 'start_date': '2012-07', 'title': {'name': 'team manager social media', 'role': 'finance', 'sub_role': None, 'levels': []}, 'is_primary': False, 'summary': None}]","[{'school': {'name': 'defense information school', 'type': 'post-secondary institution', 'location': {'name': 'el cajon, california, united states'}}, 'end_date': '2012', 'start_date': '1986', 'gpa': None, 'degrees': ['associates'], 'majors': ['business administration'], 'minors': [], 'summary': None}, {'school': {'name': 'georgia institute of technology scheller college of business', 'type': 'post-secondary institution', 'location': {'name': 'college station, texas, united states'}}, 'end_date': '2016', 'start_date': '1987', 'gpa': None, 'degrees': ['bachelors', 'doctorates'], 'majors': ['political science'], 'minors': [], 'summary': None}]","[{'network': 'linkedin', 'id': '100150461', 'url': 'linkedin.com/in/elena-fontaine-1019', 'username': 'elena-fontaine-1019'}]",[],"[{'name': 'english', 'proficiency': None}]","{'status': 'updated', 'contains': [], 'previous_version': '12.0', 'current_version': '13.0'}",,,,,,,,,,,,,,,,,,
emil moreau,emil,moreau,male,linkedin.com/in/emil-moreau-1020,emil-moreau-1020,100158380,,,,government administration,branch chief,automotive technician,['entry'],fiserv,fiserv,,1001-5000,,government administration,,,,,,,,,,,,,2023-04,"temple, texas, united states",temple,,texas,united states,north america,,,3994.0,"85,000-100,000",16.0,Branch Chief at Fiserv. 20 years across government administration.,[],[],"['hiking', 'cycling', 'photography']","['international logistics', 'customer relations', 'team management', 'project management', 'higher education', 'blogging', 'negotiation', 'sales', 'executive protection', 'arabic', 'payroll', 'supervisory skills', 'security', 'forklift operation', 'facebook', 'gas', 'statistics', 'avionics', 'social media', 'dod', 'security operations', 'marketing strategy', 'editing', 'test equipment', 'account reconciliation', 'network administration', 'banking', 'yahoo', 'aed']","['temple, texas, united states']",['texas'],['united states'],[],"[{'company': {'name': 'fiserv', 'size': '1-10', 'industry': 'primary/secondary education', 'location': {'name': 'falls church, virginia, united states'}}, 'location_names': ['temple, texas, united states'], 'end_date': None, 'start_date': '2021-06', 'title': {'name': 'branch chief', 'role': 'legal', 'sub_role': None, 'levels': ['director']}, 'is_primary': True, 'summary': None}, {'company': {'name': 'new york sports and joints', 'size': '51-200', 'industry': 'consumer electronics', 'location': {'name': 'nederland, texas, united states'}}, 'location_names': ['temple, texas, united states'], 'end_date': '2021-01', 'start_date': '2018-04', 'title': {'name': 'hospital & health care', 'role': 'assistant director international programs', 'sub_role': None, 'levels': ['cxo']}, 'is_primary': False, 'summary': None}, {'company': {'name': 'csra inc', 'size': '201-500', 'industry': 'legislative office', 'location': {'name': 'alexandria, virginia, united states'}}, 'location_names': ['temple, texas, united states'], 'end_date': '2018-08', 'start_date': '2015-07', 'title': {'name': 'military', 'role': 'operations', 'sub_role': None, 'levels': []}, 'is_primary': False, 'summary': None}, {'company': {'name': 'prudential financial', 'size': '51-200', 'industry': 'government administration', 'location': {'name': 'el cajon, california, united states'}}, 'location_names': ['temple, texas, united states'], 'end_date': '2015-01', 'start_date': '2012-01', 'title': {'name': 'chief executive officer and president', 'role': 'media', 'sub_role': None, 'levels': ['partner']}, 'is_primary': False, 'summary': None}]","[{'school': {'name': 'defense information school', 'type': 'post-secondary institution', 'location': {'name': 'springfield, tennessee, united states'}}, 'end_date': '1999', 'start_date': '2004', 'gpa': None, 'degrees': ['doctorates'], 'majors': ['political science'], 'minors': [], 'summary': None}, {'school': {'name': 'devry university', 'type': 'post-secondary institution', 'location': {'name': 'mineola, new york, united states'}}, 'end_date': '1993', 'start_date': '2011', 'gpa': None, 'degrees': ['associates', 'masters'], 'majors': ['computer science'], 'minors': [], 'summary': None}]","[{'network': 'linkedin', 'id': '100158380', 'url': 'linkedin.com/in/emil-moreau-1020', 'username': 'emil-moreau-1020'}]",[],"[{'name': 'english', 'proficiency': None}]","{'status': 'updated', 'contains': [], 'previous_version': '12.0', 'current_version': '13.0'}",,,,,,,,,,,,,,,,,,
yusuf strand,yusuf,strand,,linkedin.com/in/yusuf-strand-1021,yusuf-strand-1021,100166299,,,,luxury goods & jewelry,fire operations,city letter carrier and city carrier assistant,[],transformco,transformco,,51-200,,luxury goods & jewelry,,,,,,,,,,,,,2012-08,"springboro, ohio, united states",springboro,,ohio,united states,north america,,,3258.0,"45,000-55,000",7.0,Fire Operations at Transformco. 4 years across luxury goods & jewelry.,[],[],"['history', 'chess']","['homeland security', 'security+', 'criminal justice', 'social media marketing', 'continuous improvement', 'marketing', 'interagency coordination', 'c4isr', 'administration', 'transportation planning', 'computer security', 'army', 'computer repair', 'business process', 'human resources', 'intelligence analysis', 'copy editing', 'powerpoint']","['springboro, ohio, united states']",['ohio'],['united states'],[],"[{'company': {'name': 'transformco', 'size': '201-500', 'industry': 'farming', 'location': {'name': 'great falls, montana, united states'}}, 'location_names': ['springboro, ohio, united states'], 'end_date': None, 'start_date': '2021-05', 'title': {'name': 'fire operations', 'role': 'essential services broker', 'sub_role': None, 'levels': ['senior']}, 'is_primary': True, 'summary': None}]","[{'school': {'name': 'eastern kentucky university', 'type': 'post-secondary institution', 'location': {'name': 'united states'}}, 'end_date': '2007', 'start_date': '1986', 'gpa': None, 'degrees': ['masters'], 'majors': ['psychology'], 'minors': [], 'summary': None}, {'school': {'name': 'caldwell high school', 'type': 'post-secondary institution', 'location': {'name': 'sanford, north carolina, united states'}}, 'end_date': '2008', 'start_date': '2006', 'gpa': None, 'degrees': ['associates'], 'majors': ['computer science'], 'minors': [], 'summary': None}]","[{'network': 'linkedin', 'id': '100166299', 'url': 'linkedin.com/in/yusuf-strand-1021', 'username': 'yusuf-strand-1021'}]",[],"[{'name': 'english', 'proficiency': None}]","{'status': 'updated', 'contains': [], 'previous_version': '12.0', 'current_version': '13.0'}",,,,,,,,,,,,,,,,,,
leila nakamura,leila,nakamura,male,linkedin.com/in/leila-nakamura-1022,leila-nakamura-1022,100174218,,,,libraries,humanitarian operations advisor,retail sales associate,[],north-side-hospital-and-heart-institute,north side hospital and heart institute,,201-500,,libraries,,,,,,,,,,,,,2019-01,"austin, texas, united states",austin,,texas,united states,north america,,,824.0,"55,000-70,000",4.0,Humanitarian Operations Advisor at North Side Hospital And Heart Institute. 4 years across libraries.,[],[],"['chess', 'photography', 'cycling']","['continuous improvement', 'uav', 'banking', 'humint', 'broadcast journalism', 'english', 'powerpoint', 'operations management']","['austin, texas, united states']",['texas'],['united states'],[],"[{'company': {'name': 'north side hospital and heart institute', 'size': '11-50', 'industry': 'commercial real estate', 'location': {'name': 'nashville, tennessee, united states'}}, 'location_names': ['austin, texas, united states'], 'end_date': None, 'start_date': '2021-06', 'title': {'name': 'humanitarian operations advisor', 'role': 'city letter carrier and city carrier assistant', 'sub_role': None, 'levels': ['senior']}, 'is_primary': True, 'summary': None}]","[{'school': {'name': 'anne arundel community college', 'type': 'post-secondary institution', 'location': {'name': 'surprise, arizona, united states'}}, 'end_date': '2011', 'start_date': '2011', 'gpa': None, 'degrees': ['associates', 'masters'], 'majors': ['political science', 'engineering'], 'minors': [], 'summary': None}, {'school': {'name': 'coastline community college', 'type': 'post-secondary institution', 'location': {'name': 'washington, district of columbia, united states'}}, 'end_date': '1991', 'start_date': '1990', 'gpa': None, 'degrees': ['associates'], 'majors': ['political science'], 'minors': [], 'summary': None}]","[{'network': 'linkedin', 'id': '100174218', 'url': 'linkedin.com/in/leila-nakamura-1022', 'username': 'leila-nakamura-1022'}]",[],"[{'name': 'english', 'proficiency': None}]","{'status': 'updated', 'contains': [], 'previous_version': '12.0', 'current_version': '13.0'}",,,,,,,,,,,,,,,,,,
ravi mwangi,ravi,mwangi,male,linkedin.com/in/ravi-mwangi-1023,ravi-mwangi-1023,100182137,,,,human resources,manufacturing engineer,project manager,[],machine-operator,machine operator,,11-50,,human resources,,,,,,,,,,,,,2012-09,"churubusco, indiana, united states",churubusco,,indiana,united states,north america,,,287.0,"100,000-150,000",3.0,Manufacturing Engineer at Machine Operator. 15 years across human resources.,[],[],"['chess', 'history', 'travel', 'hiking']","['administration', 'patient safety', 'crisis intervention', 'design', 'sap', 'diplomacy', 'account reconciliation', 'systems engineering', 'combat', 'higher education', 'completion', 'scheduling', 'account management', 'tactics', 'html', 'strategic communications', 'risk assessment', 'information security', 'defense', 'analysis', 'employee relations', 'critical thinking', 'commissioning']","['churubusco, indiana, united states']",['indiana'],['united states'],[],"[{'company': {'name': 'machine operator', 'size': '11-50', 'industry': 'military', 'location': {'name': 'sugar land, texas, united states'}}, 'location_names': ['churubusco, indiana, united states'], 'end_date': None, 'start_date': '2021-06', 'title': {'name': 'manufacturing engineer', 'role': 'resident agent in charge', 'sub_role': None, 'levels': ['director']}, 'is_primary': True, 'summary': None}, {'company': {'name': 'p&g security', 'size': '1001-5000', 'industry': 'design', 'location': {'name': 'houston, texas, united states'}}, 'location_names': ['churubusco, indiana, united states'], 'end_date': '2021-03', 'start_date': '2018-03', 'title': {'name': 'associate sales representative-spine', 'role': 'assistant director international programs', 'sub_role': None, 'levels': []}, 'is_primary': False, 'summary': None}]","[{'school': {'name': 'anne arundel community college', 'type': 'post-secondary institution', 'location': {'name': 'fredericksburg, virginia, united states'}}, 'end_date': '1997', 'start_date': '2005', 'gpa': None, 'degrees': ['bachelor of science', 'masters'], 'majors': ['business administration'], 'minors': [], 'summary': None}]","[{'network': 'linkedin', 'id': '100182137', 'url': 'linkedin.com/in/ravi-mwangi-1023', 'username': 'ravi-mwangi-1023'}]",[],"[{'name': 'english', 'proficiency': None}]","{'status': 'updated', 'contains': [], 'previous_version': '12.0', 'current_version': '13.0'}",,,,,,,,,,,,,,,,,,
tomas mensah,tomas,mensah,female,linkedin.com/in/tomas-mensah-1024,tomas-mensah-1024,100190056,,,,health,senior technical writer,retail sales associate,['senior'],northrop-grumman-corporation,northrop grumman corporation,,51-200,,health,,,,,,,,,,,,,2015-01,"raleigh, north carolina, united states",raleigh,,north carolina,united states,north america,,,2169.0,"100,000-150,000",19.0,Senior Technical Writer at Northrop Grumman Corporation. 10 years across health.,[],[],['travel'],"['social media marketing', 'autocad', 'new business development', 'interagency coordination', 'army', 'acls', 'criminal investigations', 'blogging', 'cpr certified', 'weapons', 'police', 'yahoo', 'fundraising', 'nonprofits', 'government contracting', 'piping', 'telecommunications', 'css', 'intelligence analysis', 'courts', 'field service']","['raleigh, north carolina, united states']",['north carolina'],['united states'],[],"[{'company': {'name': 'northrop grumman corporation', 'size': '1001-5000', 'industry': 'legislative office', 'location': {'name': 'portland, oregon, united states'}}, 'location_names': ['raleigh, north carolina, united states'], 'end_date': None, 'start_date': '2021-08', 'title': {'name': 'senior technical writer', 'role': 'city letter carrier and city carrier assistant', 'sub_role': None, 'levels': []}, 'is_primary': True, 'summary': None}]","[{'school': {'name': 'abraham lincoln university', 'type': 'post-secondary institution', 'location': {'name': 'tempe, arizona, united states'}}, 'end_date': '2017', 'start_date': '2009', 'gpa': None, 'degrees': ['bachelors', 'associates'], 'majors': ['political science'], 'minors': [], 'summary': None}]","[{'network': 'linkedin', 'id': '100190056', 'url': 'linkedin.com/in/tomas-mensah-1024', 'username': 'tomas-mensah-1024'}]",[],"[{'name': 'english', 'proficiency': None}]","{'status': 'updated', 'contains': [], 'previous_version': '12.0', 'current_version': '13.0'}",,,,,,,,,,,,,,,,,,
tara nakamura,tara,nakamura,male,linkedin.com/in/tara-nakamura-1025,tara-nakamura-1025,100197975,,,,"health, wellness and fitness",global mobility consultant,retail sales associate,[],bentonville-public-schools,bentonville public schools,,11-50,,"health, wellness and fitness",,,,,,,,,,,,,2020-05,"south jacksonville, florida, united states",south jacksonville,,florida,united states,north america,,,1724.0,"45,000-55,000",25.0,"Global Mobility Consultant at Bentonville Public Schools. 3 years across health, wellness and fitness.",[],[],[],"['power generation', 'contingency planning', 'international development', 'marine corps', 'press releases', 'program management', 'team management', 'program evaluation', 'collaborative problem solving', 'data entry', 'salesforce.com', 'manufacturing', 'information technology', 'project estimation', 'bls', 'blogging', 'oil and gas industry', 'political science', 'airborne', 'journalism', 'criminal justice', 'intelligence']","['south jacksonville, florida, united states']",['florida'],['united states'],[],"[{'company': {'name': 'bentonville public schools', 'size': '51-200', 'industry': 'human resources', 'location': {'name': 'jarrell, texas, united states'}}, 'location_names': ['south jacksonville, florida, united states'], 'end_date': None, 'start_date': '2021-08', 'title': {'name': 'global mobility consultant', 'role': 'paramedic- medical officer and supervisor', 'sub_role': None, 'levels': []}, 'is_primary': True, 'summary': None}, {'company': {'name': 'triple canopy', 'size': '51-200', 'industry': 'defense & space', 'location': {'name': 'glenview, illinois, united states'}}, 'location_names': ['south jacksonville, florida, united states'], 'end_date': '2021-07', 'start_date': '2018-06', 'title': {'name': 'middle school mathematics teacher', 'role': 'network controller', 'sub_role': None, 'levels': []}, 'is_primary': False, 'summary': None}, {'company': {'name': 'law office of alexander diener', 'size': '201-500', 'industry': 'human_resources', 'location': {'name': 'farmingdale, new jersey, united states'}}, 'location_names': ['south jacksonville, florida, united states'], 'end_date': '2018-01', 'start_date': '2015-04', 'title': {'name': 'system administrator', 'role': 'resident agent in charge', 'sub_role': None, 'levels': ['cxo']}, 'is_primary': False, 'summary': None}]","[{'school': {'name': 'city university (bd)', 'type': 'post-secondary institution', 'location': {'name': 'saint maries, idaho, united states'}}, 'end_date': '2012', 'start_date': '2006', 'gpa': None, 'degrees': ['doctorates', 'master of business administration'], 'majors': ['nursing', 'business administration'], 'minors': [], 'summary': None}, {'school': {'name': 'college of the mainland', 'type': 'post-secondary institution', 'location': {'name': 'madison, wisconsin, united states'}}, 'end_date': '2005', 'start_date': '2006', 'gpa': None, 'degrees': ['bachelor of science'], 'majors': ['engineering'], 'minors': [], 'summary': None}]","[{'network': 'linkedin', 'id': '100197975', 'url': 'linkedin.com/in/tara-nakamura-1025', 'username': 'tara-nakamura-1025'}]",[],"[{'name': 'english', 'proficiency': None}]","{'status': 'updated', 'contains': [], 'previous_version': '12.0', 'current_version': '13.0'}",,,,,,,,,,,,,,,,,,
hugo ruiz,hugo,ruiz,,linkedin.com/in/hugo-ruiz-1026,hugo-ruiz-1026,100205894,,,,medical practice,hospital & health care,2020-12-01,[],united-states-department-of-defense,united states department of defense,,1001-5000,,medical practice,,,,,,,,,,,,,2020-07,"redding, california, united states",redding,,california,united states,north america,,,1668.0,"100,000-150,000",8.0,Hospital & Health Care at United States Department Of Defense. 3 years across medical practice.,[],[],"['cycling', 'history', 'music']","['business development', 'cad', 'homeland security', 'servers', 'military training', 'volunteer management', 'human resources', 'cost control', 'onshore', 'blogging', 'design', 'cold calling', 'contract management', 'business planning', 'windows']","['redding, california, united states']",['california'],['united states'],[],"[{'company': {'name': 'united states department of defense', 'size': '11-50', 'industry': 'food & beverages', 'location': {'name': 'el cajon, california, united states'}}, 'location_names': ['redding, california, united states'], 'end_date': None, 'start_date': '2021-02', 'title': {'name': 'hospital & health care', 'role': 'transportation operations manager', 'sub_role': None, 'levels': ['cxo']}, 'is_primary': True, 'summary': None}, {'company': {'name': 'metlife', 'size': '1001-5000', 'industry': 'internet', 'location': {'name': 'clinton township, michigan, united states'}}, 'location_names': ['redding, california, united states'], 'end_date': '2021-03', 'start_date': '2018-04', 'title': {'name': 'information technology specialist', 'role': 'resident agent in charge', 'sub_role': None, 'levels': []}, 'is_primary': False, 'summary': None}, {'company': {'name': 'blue arrow real estate', 'size': '11-50', 'industry': 'non-profit organization management', 'location': {'name': 'newport news, virginia, united states'}}, 'location_names': ['redding, california, united states'], 'end_date': '2018-09', 'start_date': '2015-07', 'title': {'name': 'chief of experimentation and wargaming- fires battle lab', 'role': 'retail sales associate', 'sub_role': None, 'levels': ['partner']}, 'is_primary': False, 'summary': None}, {'company': {'name': 'stillhouse sweeping', 'size': '1001-5000', 'industry': 'primary/secondary education', 'location': {'name': 'vienna, virginia, united states'}}, 'location_names': ['redding, california, united states'], 'end_date': '2015-09', 'start_date': '2012-03', 'title': {'name': 'program manager, project manager', 'role': 'research associate professor and adjunct professor of biology', 'sub_role': None, 'levels': ['director']}, 'is_primary': False, 'summary': None}]","[{'school': {'name': 'glastonbury high school', 'type': 'post-secondary institution', 'location': {'name': 'naperville, illinois, united states'}}, 'end_date': '2002', 'start_date': '1989', 'gpa': None, 'degrees': ['master of business administration', 'associates'], 'majors': ['nursing'], 'minors': [], 'summary': None}]","[{'network': 'linkedin', 'id': '100205894', 'url': 'linkedin.com/in/hugo-ruiz-1026', 'username': 'hugo-ruiz-1026'}]",[],"[{'name': 'english', 'proficiency': None}]","{'status': 'updated', 'contains': [], 'previous_version': '12.0', 'current_version': '13.0'}",,,,,,,,,,,,,,,,,,
mira ruiz,mira,ruiz,male,linkedin.com/in/mira-ruiz-1027,mira-ruiz-1027,100213813,,,,design,chief executive officer,engineering,['cxo'],gal-power-systems,gal power systems,,51-200,,design,,,,,,,,,,,,,2014-06,"anchorage, alaska, united states",anchorage,,alaska,united states,north america,,,3666.0,"70,000-85,000",2.0,Chief Executive Officer at Gal Power Systems. 13 years across design.,[],[],[],"['video', 'team management', 'adult education', 'problem solving', 'counterterrorism', 'surveillance', 'help desk support', 'public speaking', 'foreign policy', 'marine corps', 'quality assurance', 'data analysis', 'training', 'network security', 'computer security', 'media relations', 'security']","['anchorage, alaska, united states']",['alaska'],['united states'],[],"[{'company': {'name': 'gal power systems', 'size': '1-10', 'industry': 'health, wellness and fitness', 'location': {'name': 'south jacksonville, florida, united states'}}, 'location_names': ['anchorage, alaska, united states'], 'end_date': None, 'start_date': '2021-04', 'title': {'name': 'chief executive officer', 'role': 'network controller', 'sub_role': None, 'levels': ['cxo']}, 'is_primary': True, 'summary': None}, {'company': {'name': 'battlespace inc', 'size': '51-200', 'industry': 'business development', 'location': {'name': 'el cajon, california, united states'}}, 'location_names': ['anchorage, alaska, united states'], 'end_date': '2021-04', 'start_date': '2018-06', 'title': {'name': 'marketing and advertising', 'role': 'sales', 'sub_role': None, 'levels': ['senior']}, 'is_primary': False, 'summary': None}]","[{'school': {'name': 'caldwell high school', 'type': 'post-secondary institution', 'location': {'name': 'seattle, washington, united states'}}, 'end_date': '2001', 'start_date': '1990', 'gpa': None, 'degrees': ['masters', 'bachelors'], 'majors': ['nursing', 'engineering'], 'minors': [], 'summary': None}, {'school': {'name': 'kenya armed forces technical college', 'type': 'post-secondary institution', 'location': {'name': 'le foeil, bretagne, france'}}, 'end_date': '1991', 'start_date': '1995', 'gpa': None, 'degrees': ['bachelor of science'], 'majors': ['psychology', 'nursing'], 'minors': [], 'summary': None}]","[{'network': 'linkedin', 'id': '100213813', 'url': 'linkedin.com/in/mira-ruiz-1027', 'username': 'mira-ruiz-1027'}]",[],"[{'name': 'english', 'proficiency': None}]","{'status': 'updated', 'contains': [], 'previous_version': '12.0', 'current_version': '13.0'}",,,,,,,,,,,,,,,,,,
kian pereira,kian,pereira,female,linkedin.com/in/kian-pereira-1028,kian-pereira-1028,100221732,,,,consumer electronics,legislative analyst office of the assistant secretary for legislation,mdp operations workcenter manager,['entry'],stafford-g-conley-jr-dds-pc,stafford g conley jr dds pc,,201-500,,consumer electronics,,,,,,,,,,,,,2019-07,"burlington, vermont, united states",burlington,,vermont,united states,north america,,,734.0,"55,000-70,000",8.0,Legislative Analyst Office Of The Assistant Secretary For Legislation at Stafford G Conley Jr Dds Pc. 12 years across consumer electronics.,[],[],"['hiking', 'cycling', 'travel']","['active directory', 'technical writing', 'operating systems', 'military logistics', 'upstream', 'community outreach', 'offshore drilling', 'publicity', 'intelligence analysis', 'administration', 'oilfield', 'completion', 'aerospace', 'counterterrorism', 'project engineering', 'program development', 'press releases', 'telecommunications', 'start ups', 'contractors', 'systems engineering', 'freight', 'critical thinking', 'force protection']","['burlington, vermont, united states']",['vermont'],['united states'],[],"[{'company': {'name': 'stafford g conley jr dds pc', 'size': '1-10', 'industry': 'non-profit organization management', 'location': {'name': 'springfield, virginia, united states'}}, 'location_names': ['burlington, vermont, united states'], 'end_date': None, 'start_date': '2021-08', 'title': {'name': 'legislative analyst office of the assistant secretary for legislation', 'role': 'vp; relationship manager, specialized cash management', 'sub_role': None, 'levels': []}, 'is_primary': True, 'summary': None}, {'company': {'name': 'tista science and technology corporation', 'size': '11-50', 'industry': 'hospital & health care', 'location': {'name': 'lorton, virginia, united states'}}, 'location_names': ['burlington, vermont, united states'], 'end_date': '2021-04', 'start_date': '2018-01', 'title': {'name': 'assistant professor of practice', 'role': 'education', 'sub_role': None, 'levels': []}, 'is_primary': False, 'summary': None}, {'company': {'name': 'tennessee valley authority', 'size': '1001-5000', 'industry': 'legislative office', 'location': {'name': 'elizabeth city, north carolina, united states'}}, 'location_names': ['burlington, vermont, united states'], 'end_date': '2018-04', 'start_date': '2015-04', 'title': {'name': 'hardware specialist 1', 'role': 'business owner', 'sub_role': None, 'levels': []}, 'is_primary': False, 'summary': None}, {'company': {'name': 'esp, llc', 'size': '1-10', 'industry': 'leisure, travel & tourism', 'location': {'name': 'rochester, new york, united states'}}, 'location_names': ['burlington, vermont, united states'], 'end_date': '2015-05', 'start_date': '2012-07', 'title': {'name': 'regional manager', 'role': 'education', 'sub_role': None, 'levels': ['vp']}, 'is_primary': False, 'summary': None}]","[{'school': {'name': 'columbia southern university', 'type': 'post-secondary institution', 'location': {'name': 'sanford, north carolina, united states'}}, 'end_date': '1997', 'start_date': '1994', 'gpa': None, 'degrees': ['master of business administration'], 'majors': ['psychology', 'computer science'], 'minors': [], 'summary': None}]","[{'network': 'linkedin', 'id': '100221732', 'url': 'linkedin.com/in/kian-pereira-1028', 'username': 'kian-pereira-1028'}]",[],"[{'name': 'english', 'proficiency': None}]","{'status': 'updated', 'contains': [], 'previous_version': '12.0', 'current_version': '13.0'}",,,,,,,,,,,,,,,,,,
dario bergman,dario,bergman,male,linkedin.com/in/dario-bergman-1029,dario-bergman-1029,100229651,,,,farming,military flight instructor,media,[],hubbard,hubbard,,1001-5000,,farming,,,,,,,,,,,,,2018-03,"hondo, texas, united states",hondo,,texas,united states,north america,,,450.0,"45,000-55,000",3.0,Military Flight Instructor at Hubbard. 11 years across farming.,[],[],"['hiking', 'music']","['human resources', 'telecommunications', 'volunteer management', 'program management', 'freight', 'airborne', 'editorial', 'marketing', 'microsoft excel', 'iraq', 'contract management', 'css', 'network administration', 'government contracting', 'photoshop', 'copywriting', 'construction', 'dod', 'personnel management', 'security management', 'safety management systems', 'forklift operation', 'journalism', 'higher education', 'aircraft', 'windows server']","['hondo, texas, united states']",['texas'],['united states'],[],"[{'company': {'name': 'hubbard', 'size': '1-10', 'industry': 'human_resources', 'location': {'name': 'chief investment officer at ohio school employees retirement system'}}, 'location_names': ['hondo, texas, united states'], 'end_date': None, 'start_date': '2021-05', 'title': {'name': 'military flight instructor', 'role': 'vp; relationship manager, specialized cash management', 'sub_role': None, 'levels': []}, 'is_primary': True, 'summary': None}]","[{'school': {'name': 'bay shore high school', 'type': 'post-secondary institution', 'location': {'name': 'quincy, massachusetts, united states'}}, 'end_date': '2008', 'start_date': '1987', 'gpa': None, 'degrees': ['masters', 'bachelors'], 'majors': ['business administration', 'nursing'], 'minors': [], 'summary': None}, {'school': {'name': 'columbia university', 'type': 'post-secondary institution', 'location': {'name': 'denton, texas, united states'}}, 'end_date': '1995', 'start_date': '2000', 'gpa': None, 'degrees': ['bachelor of science'], 'majors': ['engineering', 'business administration'], 'minors': [], 'summary': None}]","[{'network': 'linkedin', 'id': '100229651', 'url': 'linkedin.com/in/dario-bergman-1029', 'username': 'dario-bergman-1029'}]",[],"[{'name': 'english', 'proficiency': None}]","{'status': 'updated', 'contains': [], 'previous_version': '12.0', 'current_version': '13.0'}",,,,,,,,,,,,,,,,,,
dario ferrara,dario,ferrara,female,linkedin.com/in/dario-ferrara-1030,dario-ferrara-1030,100237570,,,,mechanical or industrial engineering,legislative analyst office of the assistant secretary for legislation,resident agent in charge,['entry'],tgs,tgs,,11-50,,mechanical or industrial engineering,,,,,,,,,,,,,2016-01,"colorado springs, colorado, united states",colorado springs,,colorado,united states,north america,,,285.0,"55,000-70,000",10.0,Legislative Analyst Office Of The Assistant Secretary For Legislation at Tgs. 2 years across mechanical or industrial engineering.,[],[],['music'],"['electronics', 'oilfield', 'testing', 'excel', 'automation', 'network administration', 'cctv', 'breaking news', 'occupational health', 'quality assurance', 'start ups', 'financial reporting', 'navy', 'onboarding', 'coordination', 'cross functional team leadership', 'readiness', 'purchasing', 'drilling', 'conflict resolution', 'powerpoint', 'magazines', 'diplomacy', 'business process improvement', 'team building', 'sharepoint', 'windows 7', 'continuous improvement', 'multimedia']","['colorado springs, colorado, united states']",['colorado'],['united states'],[],"[{'company': {'name': 'tgs', 'size': '1001-5000', 'industry': 'electrical/electronic manufacturing', 'location': {'name': 'great falls, montana, united states'}}, 'location_names': ['colorado springs, colorado, united states'], 'end_date': None, 'start_date': '2021-03', 'title': {'name': 'legislative analyst office of the assistant secretary for legislation', 'role': 'research associate professor and adjunct professor of biology', 'sub_role': None, 'levels': []}, 'is_primary': True, 'summary': None}, {'company': {'name': 'cnn', 'size': '1-10', 'industry': 'government relations', 'location': {'name': 'elizabeth city, north carolina, united states'}}, 'location_names': ['colorado springs, colorado, united states'], 'end_date': '2021-08', 'start_date': '2018-04', 'title': {'name': 'lieutenant junior grade', 'role': 'mdp operations workcenter manager', 'sub_role': None, 'levels': []}, 'is_primary': False, 'summary': None}, {'company': {'name': 'mit lincoln laboratory', 'size': '1-10', 'industry': 'defense & space', 'location': {'name': 'tooele, utah, united states'}}, 'location_names': ['colorado springs, colorado, united states'], 'end_date': '2018-06', 'start_date': '2015-02', 'title': {'name': 'chief of experimentation and wargaming- fires battle lab', 'role': 'resident agent in charge', 'sub_role': None, 'levels': ['cxo']}, 'is_primary': False, 'summary': None}]","[{'school': {'name': 'air university (united states air force)', 'type': 'post-secondary institution', 'location': {'name': 'campbell, kentucky, united states'}}, 'end_date': '1994', 'start_date': '1989', 'gpa': None, 'degrees': ['masters'], 'majors': ['nursing', 'computer science'], 'minors': [], 'summary': None}, {'school': {'name': 'caesar rodney high school', 'type': 'post-secondary institution', 'location': {'name': 'washington, district of columbia, united states'}}, 'end_date': '2000', 'start_date': '2001', 'gpa': None, 'degrees': ['bachelors', 'masters'], 'majors': ['nursing'], 'minors': [], 'summary': None}]","[{'network': 'linkedin', 'id': '100237570', 'url': 'linkedin.com/in/dario-ferrara-1030', 'username': 'dario-ferrara-1030'}]",[],"[{'name': 'english', 'proficiency': None}]","{'status': 'updated', 'contains': [], 'previous_version': '12.0', 'current_version': '13.0'}",,,,,,,,,,,,,,,,,,
maya vogel,maya,vogel,female,linkedin.com/in/maya-vogel-1031,maya-vogel-1031,100245489,,,,hospital & health care,"assistant chief, engineering service",sales,['vp'],u-s-department-of-justice,u.s. department of justice,,201-500,,hospital & health care,,,,,,,,,,,,,2014-07,"austin, texas, united states",austin,,texas,united states,north america,,,2745.0,"100,000-150,000",7.0,"Assistant Chief, Engineering Service at U.S. Department Of Justice. 16 years across hospital & health care.",[],[],"['photography', 'cycling']","['customer service', 'security operations', 'editorial', 'project management', 'gas', 'adult education', 'operations management', 'employee training', 'natural gas', 'military liaison', 'flights', 'facilities management', 'nato', 'energy', 'counterintelligence', 'security clearance', 'defense', 'business analysis', 'broadcast', 'french', 'event management', 'intelligence', 'volunteer management']","['austin, texas, united states']",['texas'],['united states'],[],"[{'company': {'name': 'u.s. department of justice', 'size': '1001-5000', 'industry': 'media', 'location': {'name': 'hondo, texas, united states'}}, 'location_names': ['austin, texas, united states'], 'end_date': None, 'start_date': '2021-06', 'title': {'name': 'assistant chief, engineering service', 'role': 'design', 'sub_role': None, 'levels': []}, 'is_primary': True, 'summary': None}, {'company': {'name': 'techsynergy', 'size': '201-500', 'industry': 'insurance', 'location': {'name': 'tustin, california, united states'}}, 'location_names': ['austin, texas, united states'], 'end_date': '2021-06', 'start_date': '2018-01', 'title': {'name': 'semiconductors', 'role': 'transportation operations manager', 'sub_role': None, 'levels': []}, 'is_primary': False, 'summary': None}, {'company': {'name': 'dempsey lord smith, llc', 'size': '1001-5000', 'industry': 'business supplies and equipment', 'location': {'name': 'white salmon, washington, united states'}}, 'location_names': ['austin, texas, united states'], 'end_date': '2018-02', 'start_date': '2015-08', 'title': {'name': 'lieutenant junior grade', 'role': 'research associate professor and adjunct professor of biology', 'sub_role': None, 'levels': []}, 'is_primary': False, 'summary': None}, {'company': {'name': 'm&t bank', 'size': '51-200', 'industry': 'chemicals', 'location': {'name': 'phoenix, arizona, united states'}}, 'location_names': ['austin, texas, united states'], 'end_date': '2015-09', 'start_date': '2012-02', 'title': {'name': 'project_management', 'role': 'business owner', 'sub_role': None, 'levels': []}, 'is_primary': False, 'summary': None}]","[{'school': {'name': 'defense language institute foreign language center', 'type': 'post-secondary institution', 'location': {'name': 'smithville, texas, united states'}}, 'end_date': '2007', 'start_date': '1988', 'gpa': None, 'degrees': ['associates', 'bachelors'], 'majors': ['engineering'], 'minors': [], 'summary': None}, {'school': {'name': 'cony high school', 'type': 'post-secondary institution', 'location': {'name': 'great falls, montana, united states'}}, 'end_date': '1991', 'start_date': '1990', 'gpa': None, 'degrees': ['bachelors', 'associates'], 'majors': ['political science', 'psychology'], 'minors': [], 'summary': None}]","[{'network': 'linkedin', 'id': '100245489', 'url': 'linkedin.com/in/maya-vogel-1031', 'username': 'maya-vogel-1031'}]",[],"[{'name': 'english', 'proficiency': None}]","{'status': 'updated', 'contains': [], 'previous_version': '12.0', 'current_version': '13.0'}",,,,,,,,,,,,,,,,,,
dana bergman,dana,bergman,male,linkedin.com/in/dana-bergman-1032,dana-bergman-1032,100253408,,,,law enforcement,lead technician,human_resources,[],u-s-bank,u.s. bank,,1-10,,law enforcement,,,,,,,,,,,,,2020-02,"dallas, texas, united states",dallas,,texas,united states,north america,,,1633.0,"85,000-100,000",2.0,Lead Technician at U.S. Bank. 8 years across law enforcement.,[],[],"['photography', 'chess', 'cycling', 'history']","['excel', 'oil/gas', 'safety management systems', 'aed', 'c4isr', 'army', 'start ups', 'weapons training', 'microsoft word', 'photoshop', 'military logistics', 'policy', 'routers', 'international relations', 'engineering management', 'field service', 'powerpoint', 'natural gas', 'account management', 'cold calling', 'marketing', 'security operations', 'information security', 'quality assurance', 'newsletters']","['dallas, texas, united states']",['texas'],['united states'],[],"[{'company': {'name': 'u.s. bank', 'size': '51-200', 'industry': 'human resources', 'location': {'name': 'mineola, new york, united states'}}, 'location_names': ['dallas, texas, united states'], 'end_date': None, 'start_date': '2021-05', 'title': {'name': 'lead technician', 'role': 'city letter carrier and city carrier assistant', 'sub_role': None, 'levels': []}, 'is_primary': True, 'summary': None}, {'company': {'name': 'air tech spray solutions', 'size': '1-10', 'industry': 'education management', 'location': {'name': 'springfield, tennessee, united states'}}, 'location_names': ['dallas, texas, united states'], 'end_date': '2021-08', 'start_date': '2018-09', 'title': {'name': 'business development', 'role': 'project manager', 'sub_role': None, 'levels': []}, 'is_primary': False, 'summary': None}]","[{'school': {'name': 'allied american university', 'type': 'post-secondary institution', 'location': {'name': 'fort worth, texas, united states'}}, 'end_date': '1996', 'start_date': '2000', 'gpa': None, 'degrees': ['doctorates'], 'majors': ['psychology'], 'minors': [], 'summary': None}, {'school': {'name': 'franklin university', 'type': 'post-secondary institution', 'location': {'name': 'kansas city, missouri, united states'}}, 'end_date': '2013', 'start_date': '2006', 'gpa': None, 'degrees': ['associates', 'doctorates'], 'majors': ['engineering', 'political science'], 'minors': [], 'summary': None}]","[{'network': 'linkedin', 'id': '100253408', 'url': 'linkedin.com/in/dana-bergman-1032', 'username': 'dana-bergman-1032'}]",[],"[{'name': 'english', 'proficiency': None}]","{'status': 'updated', 'contains': [], 'previous_version': '12.0', 'current_version': '13.0'}",,,,,,,,,,,,,,,,,,
bruno koval,bruno,koval,female,linkedin.com/in/bruno-koval-1033,bruno-koval-1033,100261327,,,,business supplies and equipment,information technology and services,finance,[],mastercard,mastercard,,51-200,,business supplies and equipment,,,,,,,,,,,,,2014-07,"fletcher, oklahoma, united states",fletcher,,oklahoma,united states,north america,,,2081.0,"85,000-100,000",4.0,Information Technology And Services at Mastercard. 14 years across business supplies and equipment.,[],[],"['chess', 'music']","['technical support', 'commissioning', 'physical security', 'airborne', 'business planning', 'information assurance', 'flights', 'military logistics', 'salesforce.com', 'customer satisfaction', 'healthcare', 'storytelling', 'process improvement', 'switches', 'team management', 'accounting', 'organizational development', 'engineering', 'video production', 'program development', 'windows', 'property', 'personal protection', 'start ups', 'organizational leadership', 'entrepreneurship', 'enforcement']","['fletcher, oklahoma, united states']",['oklahoma'],['united states'],[],"[{'company': {'name': 'mastercard', 'size': '51-200', 'industry': 'civil engineering', 'location': {'name': 'smithville, texas, united states'}}, 'location_names': ['fletcher, oklahoma, united states'], 'end_date': None, 'start_date': '2021-07', 'title': {'name': 'information technology and services', 'role': 'property and consumable controller', 'sub_role': None, 'levels': ['entry']}, 'is_primary': True, 'summary': None}, {'company': {'name': 'fis', 'size': '1-10', 'industry': 'primary/secondary education', 'location': {'name': 'united states'}}, 'location_names': ['fletcher, oklahoma, united states'], 'end_date': '2021-07', 'start_date': '2018-04', 'title': {'name': 'civil engineer', 'role': 'resident agent in charge', 'sub_role': None, 'levels': ['partner']}, 'is_primary': False, 'summary': None}, {'company': {'name': 'ica language services', 'size': '1001-5000', 'industry': 'civil engineering', 'location': {'name': 'indianapolis, indiana, united states'}}, 'location_names': ['fletcher, oklahoma, united states'], 'end_date': '2018-04', 'start_date': '2015-04', 'title': {'name': 'aviation & aerospace', 'role': 'retail sales associate', 'sub_role': None, 'levels': ['director']}, 'is_primary': False, 'summary': None}, {'company': {'name': 'u.s. department of justice', 'size': '201-500', 'industry': 'luxury goods & jewelry', 'location': {'name': 'pittston, maine, united states'}}, 'location_names': ['fletcher, oklahoma, united states'], 'end_date': '2015-04', 'start_date': '2012-09', 'title': {'name': 'summer intern', 'role': 'vp; relationship manager, specialized cash management', 'sub_role': None, 'levels': ['entry']}, 'is_primary': False, 'summary': None}]","[{'school': {'name': 'delta state university, nigeria', 'type': 'post-secondary institution', 'location': {'name': 'atlanta, georgia, united states'}}, 'end_date': '2009', 'start_date': '1999', 'gpa': None, 'degrees': ['doctorates', 'bachelors'], 'majors': ['political science', 'business administration'], 'minors': [], 'summary': None}, {'school': {'name': 'brown university', 'type': 'post-secondary institution', 'location': {'name': 'kuwait'}}, 'end_date': '2008', 'start_date': '1991', 'gpa': None, 'degrees': ['bachelor of science', 'doctorates'], 'majors': ['computer science', 'psychology'], 'minors': [], 'summary': None}]","[{'network': 'linkedin', 'id': '100261327', 'url': 'linkedin.com/in/bruno-koval-1033', 'username': 'bruno-koval-1033'}]",[],"[{'name': 'english', 'proficiency': None}]","{'status': 'updated', 'contains': [], 'previous_version': '12.0', 'current_version': '13.0'}",,,,,,,,,,,,,,,,,,
ava mwangi,ava,mwangi,male,linkedin.com/in/ava-mwangi-1034,ava-mwangi-1034,100269246,,,,medical practice,systems administrator managed services,design,[],state-of-vermont,state of vermont,,1001-5000,,medical practice,,,,,,,,,,,,,2012-04,"campbell, kentucky, united states",campbell,,kentucky,united states,north america,,,3480.0,"45,000-55,000",11.0,Systems Administrator Managed Services at State Of Vermont. 8 years across medical practice.,[],[],"['photography', 'history', 'chess', 'hiking']","['education', 'law enforcement', 'access control', 'wireless', 'critical thinking', 'information technology', 'international logistics', 'navy', 'payroll', 'inventory management', 'networking', 'multimedia', 'property', 'higher education', 'transportation planning', 'asset management', 'pipelines', 'communication', 'copy editing', 'private investigations', 'responsibility']","['campbell, kentucky, united states']",['kentucky'],['united states'],[],"[{'company': {'name': 'state of vermont', 'size': '11-50', 'industry': 'construction', 'location': {'name': 'nashville, tennessee, united states'}}, 'location_names': ['campbell, kentucky, united states'], 'end_date': None, 'start_date': '2021-03', 'title': {'name': 'systems administrator managed services', 'role': 'business owner', 'sub_role': None, 'levels': []}, 'is_primary': True, 'summary': None}, {'company': {'name': 'north side hospital and heart institute', 'size': '201-500', 'industry': 'food & beverages', 'location': {'name': 'tustin, california, united states'}}, 'location_names': ['campbell, kentucky, united states'], 'end_date': '2021-03', 'start_date': '2018-08', 'title': {'name': 'network technician', 'role': 'operations', 'sub_role': None, 'levels': ['manager']}, 'is_primary': False, 'summary': None}]","[{'school': {'name': 'council rock high school south', 'type': 'post-secondary institution', 'location': {'name': 'sheffield, sheffield, united kingdom'}}, 'end_date': '1995', 'start_date': '1992', 'gpa': None, 'degrees': ['doctorates', 'associates'], 'majors': ['political science', 'computer science'], 'minors': [], 'summary': None}]","[{'network': 'linkedin', 'id': '100269246', 'url': 'linkedin.com/in/ava-mwangi-1034', 'username': 'ava-mwangi-1034'}]",[],"[{'name': 'english', 'proficiency': None}]","{'status': 'updated', 'contains': [], 'previous_version': '12.0', 'current_version': '13.0'}",,,,,,,,,,,,,,,,,,
mira kozlov,mira,kozlov,,linkedin.com/in/mira-kozlov-1035,mira-kozlov-1035,100277165,,,,banking,business segment manager p and s,remote monitoring and management analyst,[],triple-canopy,triple canopy,,1-10,,banking,,,,,,,,,,,,,2016-03,"suffolk, virginia, united states",suffolk,,virginia,united states,north america,,,3342.0,"85,000-100,000",19.0,Business Segment Manager P And S at Triple Canopy. 18 years across banking.,[],[],"['hiking', 'chess', 'photography', 'cycling']","['u.s. department of defense', 'flights', 'adult education', 'automation', 'journalism', 'police', 'supervision', 'nato', 'cctv', 'student affairs', 'special operations', 'emergency management']","['suffolk, virginia, united states']",['virginia'],['united states'],[],"[{'company': {'name': 'triple canopy', 'size': '11-50', 'industry': 'food & beverages', 'location': {'name': 'brooklyn, new york, united states'}}, 'location_names': ['suffolk, virginia, united states'], 'end_date': None, 'start_date': '2021-08', 'title': {'name': 'business segment manager p and s', 'role': 'property and consumable controller', 'sub_role': None, 'levels': ['senior']}, 'is_primary': True, 'summary': None}, {'company': {'name': 'durham va health care system', 'size': '201-500', 'industry': 'online media', 'location': {'name': 'chattanooga, tennessee, united states'}}, 'location_names': ['suffolk, virginia, united states'], 'end_date': '2021-05', 'start_date': '2018-08', 'title': {'name': 'assistant professor of practice', 'role': 'legal', 'sub_role': None, 'levels': []}, 'is_primary': False, 'summary': None}]","[{'school': {'name': 'boston university', 'type': 'post-secondary institution', 'location': {'name': 'columbia, south carolina, united states'}}, 'end_date': '2009', 'start_date': '2010', 'gpa': None, 'degrees': ['bachelors', 'doctorates'], 'majors': ['engineering', 'political science'], 'minors': [], 'summary': None}]","[{'network': 'linkedin', 'id': '100277165', 'url': 'linkedin.com/in/mira-kozlov-1035', 'username': 'mira-kozlov-1035'}]",[],"[{'name': 'english', 'proficiency': None}]","{'status': 'updated', 'contains': [], 'previous_version': '12.0', 'current_version': '13.0'}",,,,,,,,,,,,,,,,,,
arjun moreau,arjun,moreau,male,linkedin.com/in/arjun-moreau-1036,arjun-moreau-1036,100285084,,,,information technology and services,legislative assistant,marketing,[],reallab,reallab,,1-10,,information technology and services,,,,,,,,,,,,,2017-04,"denver, colorado, united states",denver,,colorado,united states,north america,,,3701.0,"45,000-55,000",21.0,Legislative Assistant at Reallab. 14 years across information technology and services.,[],[],['cycling'],"['critical thinking', 'force protection', 'readiness', 'product development', 'news writing', 'marine corps', 'energy industry', 'counterterrorism', 'content strategy', 'servers', 'occupational health', 'help desk support', 'program development', 'maintenance and repair', 'solidworks']","['denver, colorado, united states']",['colorado'],['united states'],[],"[{'company': {'name': 'reallab', 'size': '1001-5000', 'industry': 'design', 'location': {'name': 'springfield, virginia, united states'}}, 'location_names': ['denver, colorado, united states'], 'end_date': None, 'start_date': '2021-09', 'title': {'name': 'legislative assistant', 'role': 'retail sales associate', 'sub_role': None, 'levels': []}, 'is_primary': True, 'summary': None}, {'company': {'name': 'national library of medicine', 'size': '1001-5000', 'industry': 'defense & space', 'location': {'name': 'falls church, virginia, united states'}}, 'location_names': ['denver, colorado, united states'], 'end_date': '2021-09', 'start_date': '2018-02', 'title': {'name': 'laboratory sales representative', 'role': 'sales', 'sub_role': None, 'levels': []}, 'is_primary': False, 'summary': None}]","[{'school': {'name': 'crenshaw christian academy', 'type': 'post-secondary institution', 'location': {'name': 'san antonio, texas, united states'}}, 'end_date': '1996', 'start_date': '1999', 'gpa': None, 'degrees': ['associates', 'bachelors'], 'majors': ['political science'], 'minors': [], 'summary': None}, {'school': {'name': 'evanston township high school', 'type': 'post-secondary institution', 'location': {'name': 'el cajon, california, united states'}}, 'end_date': '2014', 'start_date': '1989', 'gpa': None, 'degrees': ['master of business administration'], 'majors': ['psychology', 'computer science'], 'minors': [], 'summary': None}]","[{'network': 'linkedin', 'id': '100285084', 'url': 'linkedin.com/in/arjun-moreau-1036', 'username': 'arjun-moreau-1036'}]",[],"[{'name': 'english', 'proficiency': None}]","{'status': 'updated', 'contains': [], 'previous_version': '12.0', 'current_version': '13.0'}",,,,,,,,,,,,,,,,,,
luca delgado,luca,delgado,,linkedin.com/in/luca-delgado-1037,luca-delgado-1037,100293003,,,,"leisure, travel & tourism",legislative assistant,essential services broker,['owner'],u-s-house-of-representatives,u.s. house of representatives,,51-200,,"leisure, travel & tourism",,,,,,,,,,,,,2016-08,"elizabeth city, north carolina, united states",elizabeth city,,north carolina,united states,north america,,,3563.0,"45,000-55,000",20.0,"Legislative Assistant at U.S. House Of Representatives. 13 years across leisure, travel & tourism.",[],[],"['photography', 'hiking', 'history']","['copy editing', 'operations', 'emergency services', 'software', 'flights', 'diplomacy', 'customer satisfaction', 'information security', 'exercises', 'desktop computers']","['elizabeth city, north carolina, united states']",['north carolina'],['united states'],[],"[{'company': {'name': 'u.s. house of representatives', 'size': '1001-5000', 'industry': 'mechanical or industrial engineering', 'location': {'name': 'college station, texas, united states'}}, 'location_names': ['elizabeth city, north carolina, united states'], 'end_date': None, 'start_date': '2021-02', 'title': {'name': 'legislative assistant', 'role': 'network controller', 'sub_role': None, 'levels': []}, 'is_primary': True, 'summary': None}]","[{'school': {'name': 'bowling green state university', 'type': 'post-secondary institution', 'location': {'name': 'breaux bridge, louisiana, united states'}}, 'end_date': '1994', 'start_date': '1987', 'gpa': None, 'degrees': ['master of business administration'], 'majors': ['engineering', 'nursing'], 'minors': [], 'summary': None}, {'school': {'name': 'greensburg - salem high school', 'type': 'post-secondary institution', 'location': {'name': 'st. louis, missouri, united states'}}, 'end_date': '1996', 'start_date': '2008', 'gpa': None, 'degrees': ['associates', 'bachelors'], 'majors': ['psychology', 'political science'], 'minors': [], 'summary': None}]","[{'network': 'linkedin', 'id': '100293003', 'url': 'linkedin.com/in/luca-delgado-1037', 'username': 'luca-delgado-1037'}]",[],"[{'name': 'english', 'proficiency': None}]","{'status': 'updated', 'contains': [], 'previous_version': '12.0', 'current_version': '13.0'}",,,,,,,,,,,,,,,,,,
ivan novak,ivan,novak,,linkedin.com/in/ivan-novak-1038,ivan-novak-1038,100300922,,,,aviation & aerospace,technical director and co-founder,remote monitoring and management analyst,['owner'],moonlight-hookah-lounge,moonlight hookah lounge,,11-50,,aviation & aerospace,,,,,,,,,,,,,2013-08,"mineola, new york, united states",mineola,,new york,united states,north america,,,566.0,"70,000-85,000",27.0,Technical Director And Co-Founder at Moonlight Hookah Lounge. 18 years across aviation & aerospace.,[],[],"['music', 'hiking', 'history']","['tactics', 'military logistics', 'combat', 'reconnaissance', 'flights', 'onshore', 'property', 'publications', 'crisis intervention', 'cold calling', 'negotiation', 'spss', 'excel', 'inspection']","['mineola, new york, united states']",['new york'],['united states'],[],"[{'company': {'name': 'moonlight hookah lounge', 'size': '51-200', 'industry': 'food & beverages', 'location': {'name': 'nederland, texas, united states'}}, 'location_names': ['mineola, new york, united states'], 'end_date': None, 'start_date': '2021-04', 'title': {'name': 'technical director and co-founder', 'role': 'real_estate', 'sub_role': None, 'levels': ['partner']}, 'is_primary': True, 'summary': None}, {'company': {'name': 'arizona state university', 'size': '11-50', 'industry': 'financial services', 'location': {'name': 'fletcher, oklahoma, united states'}}, 'location_names': ['mineola, new york, united states'], 'end_date': '2021-07', 'start_date': '2018-01', 'title': {'name': 'research agronomist', 'role': 'essential services broker', 'sub_role': None, 'levels': []}, 'is_primary': False, 'summary': None}]","[{'school': {'name': 'control risks training school', 'type': 'post-secondary institution', 'location': {'name': 'san antonio, texas, united states'}}, 'end_date': '1998', 'start_date': '2012', 'gpa': None, 'degrees': ['masters'], 'majors': ['psychology', 'nursing'], 'minors': [], 'summary': None}, {'school': {'name': 'broward community college', 'type': 'post-secondary institution', 'location': {'name': 'tustin, california, united states'}}, 'end_date': '2005', 'start_date': '2007', 'gpa': None, 'degrees': ['associates'], 'majors': ['computer science', 'political science'], 'minors': [], 'summary': None}]","[{'network': 'linkedin', 'id': '100300922', 'url': 'linkedin.com/in/ivan-novak-1038', 'username': 'ivan-novak-1038'}]",[],"[{'name': 'english', 'proficiency': None}]","{'status': 'updated', 'contains': [], 'previous_version': '12.0', 'current_version': '13.0'}",,,,,,,,,,,,,,,,,,
omar bergman,omar,bergman,male,linkedin.com/in/omar-bergman-1039,omar-bergman-1039,100308841,,,,management consulting,"program manager and in-country lead, combat intelligence augmentation teams program",research associate professor and adjunct professor of biology,[],u-s-bank,u.s. bank,,11-50,,management consulting,,,,,,,,,,,,,2023-01,"overland park, kansas, united states",overland park,,kansas,united states,north america,,,3201.0,"55,000-70,000",24.0,"Program Manager And In-Country Lead, Combat Intelligence Augmentation Teams Program at U.S. Bank. 7 years across management consulting.",[],[],"['chess', 'travel', 'photography']","['breaking news', 'event management', 'analysis', 'safety management systems', 'tactics', 'inspection', 'public relations', 'forecasting', 'international development', 'onboarding', 'wireless networking', 'bridge', 'combat', 'software installation', 'shipping', 'financial analysis', 'social media', 'desktop computers', 'broadcast', 'operational planning', 'mentoring', 'scheduling', 'airborne', 'networking', 'payroll', 'helicopters', 'weapons', 'software', 'energy']","['overland park, kansas, united states']",['kansas'],['united states'],[],"[{'company': {'name': 'u.s. bank', 'size': '51-200', 'industry': 'leisure, travel & tourism', 'location': {'name': 'white salmon, washington, united states'}}, 'location_names': ['overland park, kansas, united states'], 'end_date': None, 'start_date': '2021-04', 'title': {'name': 'program manager and in-country lead, combat intelligence augmentation teams program', 'role': 'vp; relationship manager, specialized cash management', 'sub_role': None, 'levels': []}, 'is_primary': True, 'summary': None}, {'company': {'name': 'uline', 'size': '11-50', 'industry': 'health, wellness and fitness', 'location': {'name': 'minneapolis, minnesota, united states'}}, 'location_names': ['overland park, kansas, united states'], 'end_date': '2021-06', 'start_date': '2018-06', 'title': {'name': 'science operations lead', 'role': 'operations', 'sub_role': None, 'levels': []}, 'is_primary': False, 'summary': None}, {'company': {'name': 'u.s. & texas lawshield®', 'size': '201-500', 'industry': 'apparel & fashion', 'location': {'name': 'redding, california, united states'}}, 'location_names': ['overland park, kansas, united states'], 'end_date': '2018-08', 'start_date': '2015-01', 'title': {'name': 'insurance', 'role': 'education', 'sub_role': None, 'levels': []}, 'is_primary': False, 'summary': None}]","[{'school': {'name': 'golden gate university', 'type': 'post-secondary institution', 'location': {'name': 'saint maries, idaho, united states'}}, 'end_date': '2011', 'start_date': '2008', 'gpa': None, 'degrees': ['bachelor of science', 'doctorates'], 'majors': ['engineering'], 'minors': [], 'summary': None}]","[{'network': 'linkedin', 'id': '100308841', 'url': 'linkedin.com/in/omar-bergman-1039', 'username': 'omar-bergman-1039'}]",[],"[{'name': 'english', 'proficiency': None}]","{'status': 'updated', 'contains': [], 'previous_version': '12.0', 'current_version': '13.0'}",,,,,,,,,,,,,,,,,,
aisha varga,aisha,varga,,linkedin.com/in/aisha-varga-1040,aisha-varga-1040,100316760,,,,food production,branch chief,essential services broker,['cxo'],chenega-corporation,chenega corporation,,51-200,,food production,,,,,,,,,,,,,2014-04,"atlanta, georgia, united states",atlanta,,georgia,united states,north america,,,2265.0,">250,000",15.0,Branch Chief at Chenega Corporation. 13 years across food production.,[],[],"['travel', 'history', 'photography']","['editing', 'outlook', 'network administration', 'law enforcement', 'help desk support', 'cad', 'spanish', 'navy', 'computer maintenance', 'manufacturing', 'security operations', 'powerpoint', 'program evaluation', 'criminal justice', 'six sigma', 'solidworks', 'sales', 'public relations', 'applicant tracking systems', 'javascript', 'active directory']","['atlanta, georgia, united states']",['georgia'],['united states'],[],"[{'company': {'name': 'chenega corporation', 'size': '11-50', 'industry': 'human_resources', 'location': {'name': 'payne, ohio, united states'}}, 'location_names': ['atlanta, georgia, united states'], 'end_date': None, 'start_date': '2021-05', 'title': {'name': 'branch chief', 'role': 'finance', 'sub_role': None, 'levels': []}, 'is_primary': True, 'summary': None}, {'company': {'name': 'sham', 'size': '1-10', 'industry': 'banking', 'location': {'name': 'sanford, north carolina, united states'}}, 'location_names': ['atlanta, georgia, united states'], 'end_date': '2021-08', 'start_date': '2018-01', 'title': {'name': 'operations manager', 'role': 'automotive technician', 'sub_role': None, 'levels': ['owner']}, 'is_primary': False, 'summary': None}, {'company': {'name': 'herlife magazine, llc', 'size': '11-50', 'industry': 'internet', 'location': {'name': 'houston, texas, united states'}}, 'location_names': ['atlanta, georgia, united states'], 'end_date': '2018-06', 'start_date': '2015-06', 'title': {'name': 'program manager, peace dragon program', 'role': 'legal', 'sub_role': None, 'levels': []}, 'is_primary': False, 'summary': None}]","[{'school': {'name': 'grantham university', 'type': 'post-secondary institution', 'location': {'name': 'newark, new jersey, united states'}}, 'end_date': '2002', 'start_date': '2008', 'gpa': None, 'degrees': ['bachelors'], 'majors': ['computer science', 'business administration'], 'minors': [], 'summary': None}]","[{'network': 'linkedin', 'id': '100316760', 'url': 'linkedin.com/in/aisha-varga-1040', 'username': 'aisha-varga-1040'}]",[],"[{'name': 'english', 'proficiency': None}]","{'status': 'updated', 'contains': [], 'previous_version': '12.0', 'current_version': '13.0'}",,,,,,,,,,,,,,,,,,
H:\New folder\leak\international\linkedin\part-00001.csv(2293): Specialties: sample defect
leila koval,leila,koval,,linkedin.com/in/leila-koval-1041,leila-koval-1041,100324679,,,,financial services,lieutenant junior grade,research associate professor and adjunct professor of biology,['cxo'],one-home-comfort,one home comfort,,51-200,,financial services,,,,,,,,,,,,,2022-01,"port orange, florida, united states",port orange,,florida,united states,north america,,,239.0,"45,000-55,000",14.0,Lieutenant Junior Grade at One Home Comfort. 5 years across financial services.,[],[],['photography'],"['curriculum design', 'banking', 'customer relations', 'tactics', 'military liaison', 'telecommunications', 'finance', 'upstream', 'first aid', 'risk assessment', 'higher education', 'purchasing', 'top secret', 'construction', 'force protection', 'emergency management', 'physical security', 'press releases', 'military experience', 'personal security', 'data acquisition', 'new business development', 'volunteer management', 'law enforcement', 'criminal investigations', 'aircraft maintenance', 'project planning', 'contract management', 'inventory control']","['port orange, florida, united states']",['florida'],['united states'],[],"[{'company': {'name': 'one home comfort', 'size': '51-200', 'industry': 'aviation & aerospace', 'location': {'name': 'sheffield, sheffield, united kingdom'}}, 'location_names': ['port orange, florida, united states'], 'end_date': None, 'start_date': '2021-02', 'title': {'name': 'lieutenant junior grade', 'role': 'operations', 'sub_role': None, 'levels': ['owner']}, 'is_primary': True, 'summary': None}, {'company': {'name': 'instrumental music company', 'size': '1-10', 'industry': 'education', 'location': {'name': 'paducah, kentucky, united states'}}, 'location_names': ['port orange, florida, united states'], 'end_date': '2021-01', 'start_date': '2018-08', 'title': {'name': 'associate', 'role': 'transportation operations manager', 'sub_role': None, 'levels': ['manager']}, 'is_primary': False, 'summary': None}, {'company': {'name': 'milestone systems', 'size': '201-500', 'industry': 'apparel & fashion', 'location': {'name': 'suffolk, virginia, united states'}}, 'location_names': ['port orange, florida, united states'], 'end_date': '2018-09', 'start_date': '2015-04', 'title': {'name': 'journalism professor', 'role': 'assistant director international programs', 'sub_role': None, 'levels': ['senior']}, 'is_primary': False, 'summary': None}]","[{'school': {'name': 'kimball high school, royal oak, mi', 'type': 'post-secondary institution', 'location': {'name': 'fort worth, texas, united states'}}, 'end_date': '2014', 'start_date': '1997', 'gpa': None, 'degrees': ['bachelor of science', 'master of business administration'], 'majors': ['political science', 'computer science'], 'minors': [], 'summary': None}]","[{'network': 'linkedin', 'id': '100324679', 'url': 'linkedin.com/in/leila-koval-1041', 'username': 'leila-koval-1041'}]",[],"[{'name': 'english', 'proficiency': None}]","{'status': 'updated', 'contains': [], 'previous_version': '12.0', 'current_version': '13.0'}",,,,,,,,,,,,,,,,,,
mira schreiber,mira,schreiber,male,linkedin.com/in/mira-schreiber-1042,mira-schreiber-1042,100332598,,,,electrical/electronic manufacturing,logistics sergeant major,legal,[],columbia-college,columbia college,,11-50,,electrical/electronic manufacturing,,,,,,,,,,,,,2013-05,"cary, north carolina, united states",cary,,north carolina,united states,north america,,,661.0,">250,000",5.0,Logistics Sergeant Major at Columbia College. 10 years across electrical/electronic manufacturing.,[],[],"['travel', 'cycling', 'music']","['microsoft office', 'process improvement', 'sharepoint', 'personnel management', 'databases', 'onshore', 'media relations', 'contract negotiation', 'higher education', 'broadcast journalism', 'forklift operation', 'criminal justice', 'real estate', 'french', 'private investigations', 'press releases', 'top secret', 'marine corps', 'crisis intervention', 'program development', 'american', 'desktop computers', 'firearms', 'intelligence']","['cary, north carolina, united states']",['north carolina'],['united states'],[],"[{'company': {'name': 'columbia college', 'size': '201-500', 'industry': 'mental health care', 'location': {'name': 'denton, texas, united states'}}, 'location_names': ['cary, north carolina, united states'], 'end_date': None, 'start_date': '2021-01', 'title': {'name': 'logistics sergeant major', 'role': 'essential services broker', 'sub_role': None, 'levels': ['senior']}, 'is_primary': True, 'summary': None}, {'company': {'name': 'phoenix college', 'size': '1-10', 'industry': 'information technology and services', 'location': {'name': 'south jacksonville, florida, united states'}}, 'location_names': ['cary, north carolina, united states'], 'end_date': '2021-07', 'start_date': '2018-09', 'title': {'name': 'environmental services', 'role': 'state strategic planner', 'sub_role': None, 'levels': ['vp']}, 'is_primary': False, 'summary': None}, {'company': {'name': 'democratic national committee', 'size': '11-50', 'industry': 'non-profit organization management', 'location': {'name': 'gardner, kansas, united states'}}, 'location_names': ['cary, north carolina, united states'], 'end_date': '2018-02', 'start_date': '2015-05', 'title': {'name': 'battalion operations officer', 'role': 'engineering', 'sub_role': None, 'levels': []}, 'is_primary': False, 'summary': None}]","[{'school': {'name': 'kingwood high school', 'type': 'post-secondary institution', 'location': {'name': 'cary, north carolina, united states'}}, 'end_date': '2007', 'start_date': '1995', 'gpa': None, 'degrees': ['associates'], 'majors': ['computer science', 'engineering'], 'minors': [], 'summary': None}]","[{'network': 'linkedin', 'id': '100332598', 'url': 'linkedin.com/in/mira-schreiber-1042', 'username': 'mira-schreiber-1042'}]",[],"[{'name': 'english', 'proficiency': None}]","{'status': 'updated', 'contains': [], 'previous_version': '12.0', 'current_version': '13.0'}",,,,,,,,,,,,,,,,,,
maya aubert,maya,aubert,,linkedin.com/in/maya-aubert-1043,maya-aubert-1043,100340517,,,,chemicals,financial advisor,project manager,[],new-york-sports-and-joints,new york sports and joints,,1-10,,chemicals,,,,,,,,,,,,,2019-03,"saint louis, missouri, united states",saint louis,,missouri,united states,north america,,,118.0,">250,000",7.0,Financial Advisor at New York Sports And Joints. 5 years across chemicals.,[],[],"['cycling', 'music', 'chess']","['acls', 'information assurance', 'training', 'transportation management', 'clinical research', 'solidworks', 'power generation', 'procurement', 'education', 'evidence', 'editing', 'diplomacy', 'media relations', 'c4isr', 'data acquisition', 'gas', 'joint military operations', 'operations management', 'government', 'completion', 'social services', 'quality assurance', 'integration']","['saint louis, missouri, united states']",['missouri'],['united states'],[],"[{'company': {'name': 'new york sports and joints', 'size': '51-200', 'industry': 'military', 'location': {'name': 'north palm beach, florida, united states'}}, 'location_names': ['saint louis, missouri, united states'], 'end_date': None, 'start_date': '2021-08', 'title': {'name': 'financial advisor', 'role': 'field supervisor', 'sub_role': None, 'levels': []}, 'is_primary': True, 'summary': None}, {'company': {'name': 'king county', 'size': '201-500', 'industry': 'oil & energy', 'location': {'name': 'white salmon, washington, united states'}}, 'location_names': ['saint louis, missouri, united states'], 'end_date': '2021-02', 'start_date': '2018-06', 'title': {'name': 'configuration management specialist', 'role': 'transportation operations manager', 'sub_role': None, 'levels': []}, 'is_primary': False, 'summary': None}]","[{'school': {'name': 'american military university', 'type': 'post-secondary institution', 'location': {'name': 'paducah, kentucky, united states'}}, 'end_date': '1991', 'start_date': '1988', 'gpa': None, 'degrees': ['bachelors', 'bachelor of science'], 'majors': ['nursing', 'engineering'], 'minors': [], 'summary': None}, {'school': {'name': 'grover cleveland high school', 'type': 'post-secondary institution', 'location': {'name': 'marion, texas, united states'}}, 'end_date': '2005', 'start_date': '2007', 'gpa': None, 'degrees': ['masters', 'doctorates'], 'majors': ['political science', 'computer science'], 'minors': [], 'summary': None}]","[{'network': 'linkedin', 'id': '100340517', 'url': 'linkedin.com/in/maya-aubert-1043', 'username': 'maya-aubert-1043'}]",[],"[{'name': 'english', 'proficiency': None}]","{'status': 'updated', 'contains': [], 'previous_version': '12.0', 'current_version': '13.0'}",,,,,,,,,,,,,,,,,,
pablo mensah,pablo,mensah,female,linkedin.com/in/pablo-mensah-1044,pablo-mensah-1044,100348436,,,,government relations,project_management,engineering,[],ultra-electronics-undersea-sensor-systems-inc-,"ultra electronics - undersea sensor systems, inc.",,51-200,,government relations,,,,,,,,,,,,,2022-02,"indianapolis, indiana, united states",indianapolis,,indiana,united states,north america,,,1944.0,"45,000-55,000",30.0,"Project_management at Ultra Electronics - Undersea Sensor Systems, Inc.. 17 years across government relations.",[],[],[],"['account management', 'publicity', 'writing', 'excel', 'public relations', 'responsibility', 'time management', 'tactics', 'asset management', 'onshore', 'marketing', 'financial modeling', 'customer retention', 'active directory', 'media relations', 'strategy']","['indianapolis, indiana, united states']",['indiana'],['united states'],[],"[{'company': {'name': 'ultra electronics - undersea sensor systems, inc.', 'size': '51-200', 'industry': 'online media', 'location': {'name': 'clermont, florida, united states'}}, 'location_names': ['indianapolis, indiana, united states'], 'end_date': None, 'start_date': '2021-07', 'title': {'name': 'project_management', 'role': 'essential services broker', 'sub_role': None, 'levels': ['partner']}, 'is_primary': True, 'summary': None}, {'company': {'name': 'boeing', 'size': '51-200', 'industry': 'apparel & fashion', 'location': {'name': 'vienna, virginia, united states'}}, 'location_names': ['indianapolis, indiana, united states'], 'end_date': '2021-09', 'start_date': '2018-03', 'title': {'name': 'fuel distribution system foreman', 'role': 'transportation operations manager', 'sub_role': None, 'levels': []}, 'is_primary': False, 'summary': None}, {'company': {'name': 'machine operator', 'size': '1001-5000', 'industry': 'business development', 'location': {'name': 'le foeil, bretagne, france'}}, 'location_names': ['indianapolis, indiana, united states'], 'end_date': '2018-05', 'start_date': '2015-01', 'title': {'name': 'emergency medical technician', 'role': 'essential services broker', 'sub_role': None, 'levels': []}, 'is_primary': False, 'summary': None}]","[{'school': {'name': 'georgia state university', 'type': 'post-secondary institution', 'location': {'name': 'phoenix, arizona, united states'}}, 'end_date': '2000', 'start_date': '2007', 'gpa': None, 'degrees': ['masters', 'master of business administration'], 'majors': ['political science', 'nursing'], 'minors': [], 'summary': None}]","[{'network': 'linkedin', 'id': '100348436', 'url': 'linkedin.com/in/pablo-mensah-1044', 'username': 'pablo-mensah-1044'}]",[],"[{'name': 'english', 'proficiency': None}]","{'status': 'updated', 'contains': [], 'previous_version': '12.0', 'current_version': '13.0'}",,,,,,,,,,,,,,,,,,
dana schreiber,dana,schreiber,female,linkedin.com/in/dana-schreiber-1045,dana-schreiber-1045,100356355,,,,farming,accountant,engineering,[],headquarters-us-army-alaska,headquarters us army alaska,,11-50,,farming,,,,,,,,,,,,,2012-03,"vienna, virginia, united states",vienna,,virginia,united states,north america,,,2145.0,"100,000-150,000",16.0,Accountant at Headquarters Us Army Alaska. 16 years across farming.,[],[],[],"['creative writing', 'switches', 'weapons handling', 'english', 'six sigma', 'force protection', 'crisis communications', 'personnel management', 'manufacturing', 'team building', 'newspapers', 'private investigations', 'afghanistan', 'scheduling', 'command and control']","['vienna, virginia, united states']",['virginia'],['united states'],[],"[{'company': {'name': 'headquarters us army alaska', 'size': '201-500', 'industry': 'consumer electronics', 'location': {'name': 'lewiston, idaho, united states'}}, 'location_names': ['vienna, virginia, united states'], 'end_date': None, 'start_date': '2021-01', 'title': {'name': 'accountant', 'role': 'resident agent in charge', 'sub_role': None, 'levels': []}, 'is_primary': True, 'summary': None}, {'company': {'name': 'bentonville public schools', 'size': '11-50', 'industry': 'civic & social organization', 'location': {'name': 'united states'}}, 'location_names': ['vienna, virginia, united states'], 'end_date': '2021-02', 'start_date': '2018-02', 'title': {'name': 'foreign affairs officer, office of global criminal justice', 'role': 'property and consumable controller', 'sub_role': None, 'levels': []}, 'is_primary': False, 'summary': None}, {'company': {'name': 'service tech av', 'size': '51-200', 'industry': 'legal services', 'location': {'name': 'sanford, north carolina, united states'}}, 'location_names': ['vienna, virginia, united states'], 'end_date': '2018-05', 'start_date': '2015-06', 'title': {'name': 'data analyst', 'role': 'resident agent in charge', 'sub_role': None, 'levels': ['senior']}, 'is_primary': False, 'summary': None}, {'company': {'name': 'julch trucking', 'size': '51-200', 'industry': 'business development', 'location': {'name': 'boston, massachusetts, united states'}}, 'location_names': ['vienna, virginia, united states'], 'end_date': '2015-05', 'start_date': '2012-03', 'title': {'name': 'combatant command integration lead', 'role': 'legal', 'sub_role': None, 'levels': []}, 'is_primary': False, 'summary': None}]","[{'school': {'name': 'grand river technical school', 'type': 'post-secondary institution', 'location': {'name': 'great falls, montana, united states'}}, 'end_date': '2007', 'start_date': '1990', 'gpa': None, 'degrees': ['bachelor of science', 'associates'], 'majors': ['engineering'], 'minors': [], 'summary': None}]","[{'network': 'linkedin', 'id': '100356355', 'url': 'linkedin.com/in/dana-schreiber-1045', 'username': 'dana-schreiber-1045'}]",[],"[{'name': 'english', 'proficiency': None}]","{'status': 'updated', 'contains': [], 'previous_version': '12.0', 'current_version': '13.0'}",,,,,,,,,,,,,,,,,,
rania pereira,rania,pereira,,linkedin.com/in/rania-pereira-1046,rania-pereira-1046,100364274,,,,commercial real estate,area manager,2020-12-01,[],applied-materials,applied materials,,1001-5000,,commercial real estate,,,,,,,,,,,,,2019-04,"san antonio, texas, united states",san antonio,,texas,united states,north america,,,3535.0,"45,000-55,000",9.0,Area Manager at Applied Materials. 15 years across commercial real estate.,[],[],"['photography', 'travel']","['network administration', 'strategy', 'time management', 'event management', 'computer hardware', 'real estate', 'payroll']","['san antonio, texas, united states']",['texas'],['united states'],[],"[{'company': {'name': 'applied materials', 'size': '1-10', 'industry': 'electrical/electronic manufacturing', 'location': {'name': 'alexandria, virginia, united states'}}, 'location_names': ['san antonio, texas, united states'], 'end_date': None, 'start_date': '2021-07', 'title': {'name': 'area manager', 'role': 'business owner', 'sub_role': None, 'levels': ['partner']}, 'is_primary': True, 'summary': None}, {'company': {'name': 'radia inc., p.s.', 'size': '1-10', 'industry': 'commercial real estate', 'location': {'name': 'clover, south carolina, united states'}}, 'location_names': ['san antonio, texas, united states'], 'end_date': '2021-08', 'start_date': '2018-02', 'title': {'name': 'government administration', 'role': 'property and consumable controller', 'sub_role': None, 'levels': ['senior']}, 'is_primary': False, 'summary': None}, {'company': {'name': 'the ucan company', 'size': '1-10', 'industry': 'legislative office', 'location': {'name': 'burlington, vermont, united states'}}, 'location_names': ['san antonio, texas, united states'], 'end_date': '2018-06', 'start_date': '2015-08', 'title': {'name': 'independent business owner', 'role': 'media', 'sub_role': None, 'levels': []}, 'is_primary': False, 'summary': None}]","[{'school': {'name': 'hocking college', 'type': 'post-secondary institution', 'location': {'name': 'paducah, kentucky, united states'}}, 'end_date': '2013', 'start_date': '2000', 'gpa': None, 'degrees': ['master of business administration', 'bachelors'], 'majors': ['engineering', 'business administration'], 'minors': [], 'summary': None}]","[{'network': 'linkedin', 'id': '100364274', 'url': 'linkedin.com/in/rania-pereira-1046', 'username': 'rania-pereira-1046'}]",[],"[{'name': 'english', 'proficiency': None}]","{'status': 'updated', 'contains': [], 'previous_version': '12.0', 'current_version': '13.0'}",,,,,,,,,,,,,,,,,,
rania ericsson,rania,ericsson,male,linkedin.com/in/rania-ericsson-1047,rania-ericsson-1047,100372193,,,,electrical/electronic manufacturing,store manager,field supervisor,['director'],mastercard,mastercard,,1001-5000,,electrical/electronic manufacturing,,,,,,,,,,,,,2016-07,"hondo, texas, united states",hondo,,texas,united states,north america,,,3179.0,"55,000-70,000",21.0,Store Manager at Mastercard. 4 years across electrical/electronic manufacturing.,[],[],"['travel', 'cycling', 'hiking']","['joint military operations', 'event management', 'public speaking', 'magazines', 'public safety', 'flights', 'international logistics', 'distribution center operations', 'completion', 'content strategy', 'personal security', 'administration', 'software', 'oil and gas industry', 'lean manufacturing', 'collaborative problem solving', 'energy industry', 'curriculum design', 'payroll', 'emergency management', 'breaking news', 'criminal investigations', 'facilities management', 'access control', 'diplomacy', 'press releases', 'databases', 'entrepreneurship', 'intelligence analysis']","['hondo, texas, united states']",['texas'],['united states'],[],"[{'company': {'name': 'mastercard', 'size': '201-500', 'industry': 'banking', 'location': {'name': 'cary, north carolina, united states'}}, 'location_names': ['hondo, texas, united states'], 'end_date': None, 'start_date': '2021-08', 'title': {'name': 'store manager', 'role': 'engineering', 'sub_role': None, 'levels': ['director']}, 'is_primary': True, 'summary': None}, {'company': {'name': 'cnn', 'size': '1001-5000', 'industry': 'education management', 'location': {'name': 'round rock, texas, united states'}}, 'location_names': ['hondo, texas, united states'], 'end_date': '2021-07', 'start_date': '2018-07', 'title': {'name': 'senior business manager', 'role': 'retail sales associate', 'sub_role': None, 'levels': ['partner']}, 'is_primary': False, 'summary': None}]","[{'school': {'name': 'dallas baptist university', 'type': 'post-secondary institution', 'location': {'name': 'rome, georgia, united states'}}, 'end_date': '2006', 'start_date': '1997', 'gpa': None, 'degrees': ['doctorates', 'masters'], 'majors': ['psychology'], 'minors': [], 'summary': None}]","[{'network': 'linkedin', 'id': '100372193', 'url': 'linkedin.com/in/rania-ericsson-1047', 'username': 'rania-ericsson-1047'}]",[],"[{'name': 'english', 'proficiency': None}]","{'status': 'updated', 'contains': [], 'previous_version': '12.0', 'current_version': '13.0'}",,,,,,,,,,,,,,,,,,
mira rahimi,mira,rahimi,female,linkedin.com/in/mira-rahimi-1048,mira-rahimi-1048,100380112,,,,luxury goods & jewelry,manufacturing supervisor,essential services broker,['owner'],centers-for-disease-control-and-prevention,centers for disease control and prevention,,11-50,,luxury goods & jewelry,,,,,,,,,,,,,2017-08,"clinton township, michigan, united states",clinton township,,michigan,united states,north america,,,920.0,"70,000-85,000",12.0,Manufacturing Supervisor at Centers For Disease Control And Prevention. 2 years across luxury goods & jewelry.,[],[],['hiking'],"['program management', 'account management', 'telecommunications', 'transportation planning', 'aed', 'systems engineering', 'onshore', 'public relations', 'government', 'tactics', 'research', 'exercises', 'project engineering', 'policy analysis', 'contractors', 'nonprofits', 'newspapers', 'software', 'active directory', 'gas', 'sales management', 'upstream', 'international logistics', 'copy editing', 'crisis management', 'hiring', 'testing', 'business development', 'acls']","['clinton township, michigan, united states']",['michigan'],['united states'],[],"[{'company': {'name': 'centers for disease control and prevention', 'size': '1001-5000', 'industry': 'consumer electronics', 'location': {'name': 'burlington, vermont, united states'}}, 'location_names': ['clinton township, michigan, united states'], 'end_date': None, 'start_date': '2021-05', 'title': {'name': 'manufacturing supervisor', 'role': 'sales', 'sub_role': None, 'levels': []}, 'is_primary': True, 'summary': None}]","[{'school': {'name': 'bob jones university', 'type': 'post-secondary institution', 'location': {'name': 'alexandria, virginia, united states'}}, 'end_date': '2013', 'start_date': '1996', 'gpa': None, 'degrees': ['associates'], 'majors': ['psychology'], 'minors': [], 'summary': None}]","[{'network': 'linkedin', 'id': '100380112', 'url': 'linkedin.com/in/mira-rahimi-1048', 'username': 'mira-rahimi-1048'}]",[],"[{'name': 'english', 'proficiency': None}]","{'status': 'updated', 'contains': [], 'previous_version': '12.0', 'current_version': '13.0'}",,,,,,,,,,,,,,,,,,
aisha halvorsen,aisha,halvorsen,female,linkedin.com/in/aisha-halvorsen-1049,aisha-halvorsen-1049,100388031,,,,oil & energy,special education teacher,network controller,[],texas-army-national-guard,texas army national guard,,51-200,,oil & energy,,,,,,,,,,,,,2013-09,"saint louis, missouri, united states",saint louis,,missouri,united states,north america,,,3456.0,"45,000-55,000",29.0,Special Education Teacher at Texas Army National Guard. 18 years across oil & energy.,[],[],"['photography', 'hiking', 'music', 'history']","['servers', 'video production', 'force protection', 'comsec', 'six sigma', 'commissioning', 'magazines', 'matlab', 'active dod secret clearance', 'humint', 'start ups', 'exercises', 'financial modeling', 'freight', 'counterintelligence', 'microsoft office']","['saint louis, missouri, united states']",['missouri'],['united states'],[],"[{'company': {'name': 'texas army national guard', 'size': '1-10', 'industry': 'human_resources', 'location': {'name': 'fairview, oregon, united states'}}, 'location_names': ['saint louis, missouri, united states'], 'end_date': None, 'start_date': '2021-08', 'title': {'name': 'special education teacher', 'role': 'operations', 'sub_role': None, 'levels': []}, 'is_primary': True, 'summary': None}, {'company': {'name': 'mastercard', 'size': '201-500', 'industry': 'legal services', 'location': {'name': 'newport news, virginia, united states'}}, 'location_names': ['saint louis, missouri, united states'], 'end_date': '2021-01', 'start_date': '2018-09', 'title': {'name': 'adjunct instructor', 'role': '2020-12-01', 'sub_role': None, 'levels': ['manager']}, 'is_primary': False, 'summary': None}, {'company': {'name': 'u.s. army command and general staff college', 'size': '11-50', 'industry': 'medical devices', 'location': {'name': 'kansas city, missouri, united states'}}, 'location_names': ['saint louis, missouri, united states'], 'end_date': '2018-02', 'start_date': '2015-02', 'title': {'name': 'senior associate, health industries advisory', 'role': 'sales', 'sub_role': None, 'levels': []}, 'is_primary': False, 'summary': None}]","[{'school': {'name': 'clemson university', 'type': 'post-secondary institution', 'location': {'name': 'nashville, tennessee, united states'}}, 'end_date': '2018', 'start_date': '2007', 'gpa': None, 'degrees': ['doctorates', 'masters'], 'majors': ['business administration', 'nursing'], 'minors': [], 'summary': None}, {'school': {'name': 'del rio high school', 'type': 'post-secondary institution', 'location': {'name': 'minneapolis, minnesota, united states'}}, 'end_date': '2007', 'start_date': '2012', 'gpa': None, 'degrees': ['doctorates', 'bachelor of science'], 'majors': ['nursing', 'business administration'], 'minors': [], 'summary': None}]","[{'network': 'linkedin', 'id': '100388031', 'url': 'linkedin.com/in/aisha-halvorsen-1049', 'username': 'aisha-halvorsen-1049'}]",[],"[{'name': 'english', 'proficiency': None}]","{'status': 'updated', 'contains': [], 'previous_version': '12.0', 'current_version': '13.0'}",,,,,,,,,,,,,,,,,,
ivan kaminski,ivan,kaminski,female,linkedin.com/in/ivan-kaminski-1050,ivan-kaminski-1050,100395950,,,,legal services,founder | director operations management security,legal,[],asher-college,asher college,,1-10,,legal services,,,,,,,,,,,,,2016-02,"saint louis, missouri, united states",saint louis,,missouri,united states,north america,,,861.0,"70,000-85,000",30.0,Founder | Director Operations Management Security at Asher College. 20 years across legal services.,[],[],['chess'],"['diplomacy', 'policy', 'hazardous materials', 'account management', 'completion', 'airborne', 'wireless', 'testing', 'legal research', 'broadband', 'aircraft', 'forecasting', 'command and control']","['saint louis, missouri, united states']",['missouri'],['united states'],[],"[{'company': {'name': 'asher college', 'size': '1001-5000', 'industry': 'mechanical or industrial engineering', 'location': {'name': 'great falls, montana, united states'}}, 'location_names': ['saint louis, missouri, united states'], 'end_date': None, 'start_date': '2021-08', 'title': {'name': 'founder | director operations management security', 'role': 'remote monitoring and management analyst', 'sub_role': None, 'levels': []}, 'is_primary': True, 'summary': None}, {'company': {'name': 'sacramento area leaders in operations & management sustainment', 'size': '1001-5000', 'industry': 'finance', 'location': {'name': 'san antonio, texas, united states'}}, 'location_names': ['saint louis, missouri, united states'], 'end_date': '2021-04', 'start_date': '2018-06', 'title': {'name': 'director\'s aide- in support of navy captain', 'role': 'design', 'sub_role': None, 'levels': ['manager']}, 'is_primary': False, 'summary': None}, {'company': {'name': 'u.s. coast guard', 'size': '51-200', 'industry': 'public relations and communications', 'location': {'name': 'suffolk, virginia, united states'}}, 'location_names': ['saint louis, missouri, united states'], 'end_date': '2018-03', 'start_date': '2015-04', 'title': {'name': 'senior business manager', 'role': 'automotive technician', 'sub_role': None, 'levels': []}, 'is_primary': False, 'summary': None}]","[{'school': {'name': 'isleworth and syon school for boys', 'type': 'post-secondary institution', 'location': {'name': 'san antonio, texas, united states'}}, 'end_date': '2000', 'start_date': '1999', 'gpa': None, 'degrees': ['master of business administration', 'masters'], 'majors': ['business administration', 'political science'], 'minors': [], 'summary': None}]","[{'network': 'linkedin', 'id': '100395950', 'url': 'linkedin.com/in/ivan-kaminski-1050', 'username': 'ivan-kaminski-1050'}]",[],"[{'name': 'english', 'proficiency': None}]","{'status': 'updated', 'contains': [], 'previous_version': '12.0', 'current_version': '13.0'}",,,,,,,,,,,,,,,,,,
oscar kozlov,oscar,kozlov,male,linkedin.com/in/oscar-kozlov-1051,oscar-kozlov-1051,100403869,,,,mechanical or industrial engineering,financial planner,assistant director international programs,[],transformco,transformco,,1-10,,mechanical or industrial engineering,,,,,,,,,,,,,2023-04,"white salmon, washington, united states",white salmon,,washington,united states,north america,,,3457.0,"100,000-150,000",11.0,Financial Planner at Transformco. 15 years across mechanical or industrial engineering.,[],[],[],"['international logistics', 'american', 'military training', 'top secret', 'system', 'microsoft word', 'system administration', 'criminal justice', 'research', 'drilling', 'curriculum design', 'force protection', 'fundraising', 'acls', 'transportation', 'social media marketing', 'supply chain', 'commissioning', 'real estate', 'software documentation']","['white salmon, washington, united states']",['washington'],['united states'],[],"[{'company': {'name': 'transformco', 'size': '51-200', 'industry': 'non-profit organization management', 'location': {'name': 'centreville, virginia, united states'}}, 'location_names': ['white salmon, washington, united states'], 'end_date': None, 'start_date': '2021-01', 'title': {'name': 'financial planner', 'role': 'research associate professor and adjunct professor of biology', 'sub_role': None, 'levels': ['cxo']}, 'is_primary': True, 'summary': None}]","[{'school': {'name': 'georgia institute of technology scheller college of business', 'type': 'post-secondary institution', 'location': {'name': 'clover, south carolina, united states'}}, 'end_date': '2011', 'start_date': '1996', 'gpa': None, 'degrees': ['bachelors'], 'majors': ['business administration'], 'minors': [], 'summary': None}]","[{'network': 'linkedin', 'id': '100403869', 'url': 'linkedin.com/in/oscar-kozlov-1051', 'username': 'oscar-kozlov-1051'}]",[],"[{'name': 'english', 'proficiency': None}]","{'status': 'updated', 'contains': [], 'previous_version': '12.0', 'current_version': '13.0'}",,,,,,,,,,,,,,,,,,
dana petrov,dana,petrov,female,linkedin.com/in/dana-petrov-1052,dana-petrov-1052,100411788,,,,farming,noc administrator,resident agent in charge,['entry'],dempsey-lord-smith-llc,"dempsey lord smith, llc",,201-500,,farming,,,,,,,,,,,,,2012-05,"lewiston, idaho, united states",lewiston,,idaho,united states,north america,,,2895.0,">250,000",25.0,"Noc Administrator at Dempsey Lord Smith, Llc. 17 years across farming.",[],[],"['chess', 'cycling', 'photography', 'hiking']","['comsec', 'criminal justice', 'customer relations', 'accounting', 'government', 'logistics management', 'continuous improvement', 'desktop computers']","['lewiston, idaho, united states']",['idaho'],['united states'],[],"[{'company': {'name': 'dempsey lord smith, llc', 'size': '1-10', 'industry': 'media', 'location': {'name': 'saint maries, idaho, united states'}}, 'location_names': ['lewiston, idaho, united states'], 'end_date': None, 'start_date': '2021-05', 'title': {'name': 'noc administrator', 'role': 'transportation operations manager', 'sub_role': None, 'levels': []}, 'is_primary': True, 'summary': None}, {'company': {'name': 'telemed2u', 'size': '51-200', 'industry': 'chemicals', 'location': {'name': 'smithville, texas, united states'}}, 'location_names': ['lewiston, idaho, united states'], 'end_date': '2021-07', 'start_date': '2018-01', 'title': {'name': 'electronics engineer senior', 'role': 'media', 'sub_role': None, 'levels': []}, 'is_primary': False, 'summary': None}]","[{'school': {'name': 'georgia tech scheller college of business', 'type': 'post-secondary institution', 'location': {'name': 'iraq'}}, 'end_date': '1999', 'start_date': '2012', 'gpa': None, 'degrees': ['masters', 'associates'], 'majors': ['engineering', 'psychology'], 'minors': [], 'summary': None}]","[{'network': 'linkedin', 'id': '100411788', 'url': 'linkedin.com/in/dana-petrov-1052', 'username': 'dana-petrov-1052'}]",[],"[{'name': 'english', 'proficiency': None}]","{'status': 'updated', 'contains': [], 'previous_version': '12.0', 'current_version': '13.0'}",,,,,,,,,,,,,,,,,,
leila iversen,leila,iversen,female,linkedin.com/in/leila-iversen-1053,leila-iversen-1053,100419707,,,,financial services,legislative assistant,paramedic- medical officer and supervisor,['director'],orange-county-rescue-mission,orange county rescue mission,,1-10,,financial services,,,,,,,,,,,,,2022-09,"arlington, virginia, united states",arlington,,virginia,united states,north america,,,1407.0,"85,000-100,000",8.0,Legislative Assistant at Orange County Rescue Mission. 11 years across financial services.,[],[],[],"['multimedia', 'logistics', 'information technology', 'higher education', 'customer retention', 'personal protection', 'design', 'public safety', 'aed', 'information security', 'event planning', 'copy editing']","['arlington, virginia, united states']",['virginia'],['united states'],[],"[{'company': {'name': 'orange county rescue mission', 'size': '51-200', 'industry': 'defense & space', 'location': {'name': 'elizabeth city, north carolina, united states'}}, 'location_names': ['arlington, virginia, united states'], 'end_date': None, 'start_date': '2021-03', 'title': {'name': 'legislative assistant', 'role': 'mdp operations workcenter manager', 'sub_role': None, 'levels': ['owner']}, 'is_primary': True, 'summary': None}]","[{'school': {'name': 'embry - riddle aeronautical university', 'type': 'post-secondary institution', 'location': {'name': 'fredericksburg, virginia, united states'}}, 'end_date': '1995', 'start_date': '1987', 'gpa': None, 'degrees': ['bachelors', 'doctorates'], 'majors': ['nursing'], 'minors': [], 'summary': None}, {'school': {'name': 'city university (bd)', 'type': 'post-secondary institution', 'location': {'name': 'wilmington, delaware, united states'}}, 'end_date': '1998', 'start_date': '2014', 'gpa': None, 'degrees': ['master of business administration', 'doctorates'], 'majors': ['psychology', 'nursing'], 'minors': [], 'summary': None}]","[{'network': 'linkedin', 'id': '100419707', 'url': 'linkedin.com/in/leila-iversen-1053', 'username': 'leila-iversen-1053'}]",[],"[{'name': 'english', 'proficiency': None}]","{'status': 'updated', 'contains': [], 'previous_version': '12.0', 'current_version': '13.0'}",,,,,,,,,,,,,,,,,,
clara stefani,clara,stefani,,linkedin.com/in/clara-stefani-1054,clara-stefani-1054,100427626,,,,non-profit organization management,store manager,mdp operations workcenter manager,['owner'],catawba-industrial-rubber,catawba industrial rubber,,51-200,,non-profit organization management,,,,,,,,,,,,,2015-03,"new york, new york, united states",new york,,new york,united states,north america,,,2220.0,"70,000-85,000",3.0,Store Manager at Catawba Industrial Rubber. 5 years across non-profit organization management.,[],[],"['photography', 'chess', 'music']","['publicity', 'supervision', 'sharepoint', 'video production', 'security+', 'team leadership', 'materials', 'career counseling', 'windows', 'coaching', 'transportation planning', 'command']","['new york, new york, united states']",['new york'],['united states'],[],"[{'company': {'name': 'catawba industrial rubber', 'size': '51-200', 'industry': 'food production', 'location': {'name': 'farmingdale, new jersey, united states'}}, 'location_names': ['new york, new york, united states'], 'end_date': None, 'start_date': '2021-06', 'title': {'name': 'store manager', 'role': 'property and consumable controller', 'sub_role': None, 'levels': []}, 'is_primary': True, 'summary': None}]","[{'school': {'name': 'hawkeye community college', 'type': 'post-secondary institution', 'location': {'name': 'new york, new york, united states'}}, 'end_date': '2017', 'start_date': '1998', 'gpa': None, 'degrees': ['doctorates'], 'majors': ['political science', 'engineering'], 'minors': [], 'summary': None}]","[{'network': 'linkedin', 'id': '100427626', 'url': 'linkedin.com/in/clara-stefani-1054', 'username': 'clara-stefani-1054'}]",[],"[{'name': 'english', 'proficiency': None}]","{'status': 'updated', 'contains': [], 'previous_version': '12.0', 'current_version': '13.0'}",,,,,,,,,,,,,,,,,,
dana haddad,dana,haddad,female,linkedin.com/in/dana-haddad-1055,dana-haddad-1055,100435545,,,,business supplies and equipment,project manager level,field supervisor,[],chai-pani-llc,"chai pani, llc",,1001-5000,,business supplies and equipment,,,,,,,,,,,,,2023-06,"port orange, florida, united states",port orange,,florida,united states,north america,,,3718.0,"85,000-100,000",10.0,"Project Manager Level at Chai Pani, Llc. 11 years across business supplies and equipment.",[],[],['photography'],"['humint', 'research', 'social networking', 'acls', 'javascript', 'design', 'risk management', 'proposal writing', 'readiness', 'network security', 'command', 'media relations', 'consulting', 'copywriting', 'personal protection', 'problem solving', 'homeland security', 'supervision', 'feature articles', 'cell', 'public speaking']","['port orange, florida, united states']",['florida'],['united states'],[],"[{'company': {'name': 'chai pani, llc', 'size': '1001-5000', 'industry': 'education', 'location': {'name': 'jacksonville, florida, united states'}}, 'location_names': ['port orange, florida, united states'], 'end_date': None, 'start_date': '2021-04', 'title': {'name': 'project manager level', 'role': 'remote monitoring and management analyst', 'sub_role': None, 'levels': ['owner']}, 'is_primary': True, 'summary': None}, {'company': {'name': 'dmc solutions', 'size': '11-50', 'industry': 'luxury goods & jewelry', 'location': {'name': 'newport news, virginia, united states'}}, 'location_names': ['port orange, florida, united states'], 'end_date': '2021-06', 'start_date': '2018-05', 'title': {'name': 'production supervisor', 'role': 'project manager', 'sub_role': None, 'levels': []}, 'is_primary': False, 'summary': None}]","[{'school': {'name': 'educational center at fort jackson', 'type': 'post-secondary institution', 'location': {'name': 'round rock, texas, united states'}}, 'end_date': '2010', 'start_date': '2000', 'gpa': None, 'degrees': ['bachelors', 'masters'], 'majors': ['political science'], 'minors': [], 'summary': None}, {'school': {'name': 'air command and staff college, montgomery, al', 'type': 'post-secondary institution', 'location': {'name': 'port orange, florida, united states'}}, 'end_date': '2008', 'start_date': '1999', 'gpa': None, 'degrees': ['associates', 'masters'], 'majors': ['engineering', 'psychology'], 'minors': [], 'summary': None}]","[{'network': 'linkedin', 'id': '100435545', 'url': 'linkedin.com/in/dana-haddad-1055', 'username': 'dana-haddad-1055'}]",[],"[{'name': 'english', 'proficiency': None}]","{'status': 'updated', 'contains': [], 'previous_version': '12.0', 'current_version': '13.0'}",,,,,,,,,,,,,,,,,,
vera ibarra,vera,ibarra,male,linkedin.com/in/vera-ibarra-1056,vera-ibarra-1056,100443464,,,,civil engineering,structural shipbuilder design manager,real_estate,['senior'],general-dynamics-information-technology,general dynamics information technology,,51-200,,civil engineering,,,,,,,,,,,,,2017-04,"payne, ohio, united states",payne,,ohio,united states,north america,,,3371.0,">250,000",4.0,Structural Shipbuilder Design Manager at General Dynamics Information Technology. 19 years across civil engineering.,[],[],[],"['time management', 'editorial', 'surveillance', 'publications', 'close protection', 'foreign policy', 'marine corps', 'six sigma', 'accounting', 'coaching', 'cctv', 'banking', 'team leadership', 'aerospace', 'first aid', 'evidence', 'organizational development', 'transportation', 'top secret', 'military liaison', 'css', 'cross functional team leadership', 'broadcast', 'news writing', 'engineering', 'uav', 'army']","['payne, ohio, united states']",['ohio'],['united states'],[],"[{'company': {'name': 'general dynamics information technology', 'size': '1001-5000', 'industry': 'accounting', 'location': {'name': 'east ridge, tennessee, united states'}}, 'location_names': ['payne, ohio, united states'], 'end_date': None, 'start_date': '2021-02', 'title': {'name': 'structural shipbuilder design manager', 'role': 'education', 'sub_role': None, 'levels': []}, 'is_primary': True, 'summary': None}, {'company': {'name': 'kone', 'size': '1001-5000', 'industry': 'aviation & aerospace', 'location': {'name': 'campbell, kentucky, united states'}}, 'location_names': ['payne, ohio, united states'], 'end_date': '2021-02', 'start_date': '2018-04', 'title': {'name': 'senior operations manager', 'role': 'marketing', 'sub_role': None, 'levels': ['manager']}, 'is_primary': False, 'summary': None}]","[{'school': {'name': 'bob jones university', 'type': 'post-secondary institution', 'location': {'name': 'falls church, virginia, united states'}}, 'end_date': '1992', 'start_date': '2016', 'gpa': None, 'degrees': ['associates'], 'majors': ['political science', 'nursing'], 'minors': [], 'summary': None}]","[{'network': 'linkedin', 'id': '100443464', 'url': 'linkedin.com/in/vera-ibarra-1056', 'username': 'vera-ibarra-1056'}]",[],"[{'name': 'english', 'proficiency': None}]","{'status': 'updated', 'contains': [], 'previous_version': '12.0', 'current_version': '13.0'}",,,,,,,,,,,,,,,,,,
noor lindberg,noor,lindberg,,linkedin.com/in/noor-lindberg-1057,noor-lindberg-1057,100451383,,,,oil & energy,co owner creative director,remote monitoring and management analyst,['manager'],metlife,metlife,,201-500,,oil & energy,,,,,,,,,,,,,2015-08,"white salmon, washington, united states",white salmon,,washington,united states,north america,,,2318.0,"85,000-100,000",11.0,Co Owner Creative Director at Metlife. 4 years across oil & energy.,[],[],"['photography', 'hiking', 'travel', 'history']","['event planning', 'criminal investigations', 'time management', 'construction safety', 'aed', 'petroleum', 'transportation planning', 'upstream', 'veterans', 'cell', 'operations management', 'afghanistan', 'inspection', 'security management', 'multimedia', 'crisis management']","['white salmon, washington, united states']",['washington'],['united states'],[],"[{'company': {'name': 'metlife', 'size': '11-50', 'industry': 'international affairs', 'location': {'name': 'elizabeth city, north carolina, united states'}}, 'location_names': ['white salmon, washington, united states'], 'end_date': None, 'start_date': '2021-06', 'title': {'name': 'co owner creative director', 'role': 'marketing', 'sub_role': None, 'levels': ['owner']}, 'is_primary': True, 'summary': None}]","[{'school': {'name': 'cameron university', 'type': 'post-secondary institution', 'location': {'name': 'smithville, texas, united states'}}, 'end_date': '2008', 'start_date': '1986', 'gpa': None, 'degrees': ['associates', 'bachelors'], 'majors': ['engineering', 'political science'], 'minors': [], 'summary': None}, {'school': {'name': 'campbell university', 'type': 'post-secondary institution', 'location': {'name': 'green bay, wisconsin, united states'}}, 'end_date': '1994', 'start_date': '1995', 'gpa': None, 'degrees': ['doctorates'], 'majors': ['psychology'], 'minors': [], 'summary': None}]","[{'network': 'linkedin', 'id': '100451383', 'url': 'linkedin.com/in/noor-lindberg-1057', 'username': 'noor-lindberg-1057'}]",[],"[{'name': 'english', 'proficiency': None}]","{'status': 'updated', 'contains': [], 'previous_version': '12.0', 'current_version': '13.0'}",,,,,,,,,,,,,,,,,,
luca soltani,luca,soltani,male,linkedin.com/in/luca-soltani-1058,luca-soltani-1058,100459302,,,,consumer services,hardware specialist 1,legal,[],menards,menards,,51-200,,consumer services,,,,,,,,,,,,,2017-05,"mclean, virginia, united states",mclean,,virginia,united states,north america,,,494.0,"85,000-100,000",23.0,Hardware Specialist 1 at Menards. 4 years across consumer services.,[],[],"['hiking', 'travel', 'history', 'photography']","['maintenance and repair', 'military operations', 'continuous improvement', 'helicopters', 'oilfield', 'national security', 'publicity', 'foreign policy', 'start ups', 'video', 'recruiting']","['mclean, virginia, united states']",['virginia'],['united states'],[],"[{'company': {'name': 'menards', 'size': '11-50', 'industry': 'operations', 'location': {'name': 'baltimore, maryland, united states'}}, 'location_names': ['mclean, virginia, united states'], 'end_date': None, 'start_date': '2021-08', 'title': {'name': 'hardware specialist 1', 'role': 'marketing', 'sub_role': None, 'levels': []}, 'is_primary': True, 'summary': None}]","[{'school': {'name': 'bellevue university', 'type': 'post-secondary institution', 'location': {'name': 'baltimore, maryland, united states'}}, 'end_date': '2002', 'start_date': '1988', 'gpa': None, 'degrees': ['bachelors'], 'majors': ['computer science', 'psychology'], 'minors': [], 'summary': None}]","[{'network': 'linkedin', 'id': '100459302', 'url': 'linkedin.com/in/luca-soltani-1058', 'username': 'luca-soltani-1058'}]",[],"[{'name': 'english', 'proficiency': None}]","{'status': 'updated', 'contains': [], 'previous_version': '12.0', 'current_version': '13.0'}",,,,,,,,,,,,,,,,,,
freya halvorsen,freya,halvorsen,,linkedin.com/in/freya-halvorsen-1059,freya-halvorsen-1059,100467221,,,,consumer services,senior information technology manager,human_resources,[],c4-planning-solutions,c4 planning solutions,,51-200,,consumer services,,,,,,,,,,,,,2023-09,"stevens point, wisconsin, united states",stevens point,,wisconsin,united states,north america,,,1105.0,">250,000",6.0,Senior Information Technology Manager at C4 Planning Solutions. 2 years across consumer services.,[],[],"['music', 'history', 'hiking']","['salesforce.com', 'system', 'auditing', 'marketing strategy', 'oil/gas', 'oil and gas industry', 'tactics', 'reconnaissance', 'force protection', 'negotiation', 'drilling', 'risk management', 'project planning', 'bls', 'publications', 'software installation', 'contract management', 'helicopters']","['stevens point, wisconsin, united states']",['wisconsin'],['united states'],[],"[{'company': {'name': 'c4 planning solutions', 'size': '11-50', 'industry': 'accounting', 'location': {'name': 'normal, illinois, united states'}}, 'location_names': ['stevens point, wisconsin, united states'], 'end_date': None, 'start_date': '2021-09', 'title': {'name': 'senior information technology manager', 'role': 'operations', 'sub_role': None, 'levels': []}, 'is_primary': True, 'summary': None}, {'company': {'name': 'centers for disease control and prevention', 'size': '11-50', 'industry': 'law practice', 'location': {'name': 'sheffield, sheffield, united kingdom'}}, 'location_names': ['stevens point, wisconsin, united states'], 'end_date': '2021-01', 'start_date': '2018-08', 'title': {'name': 'configuration management specialist', 'role': 'state strategic planner', 'sub_role': None, 'levels': []}, 'is_primary': False, 'summary': None}]","[{'school': {'name': 'isleworth and syon school', 'type': 'post-secondary institution', 'location': {'name': 'brookfield, massachusetts, united states'}}, 'end_date': '2008', 'start_date': '2016', 'gpa': None, 'degrees': ['bachelor of science', 'master of business administration'], 'majors': ['nursing'], 'minors': [], 'summary': None}, {'school': {'name': 'binghamton university', 'type': 'post-secondary institution', 'location': {'name': 'kansas city, missouri, united states'}}, 'end_date': '1999', 'start_date': '2004', 'gpa': None, 'degrees': ['master of business administration'], 'majors': ['nursing', 'business administration'], 'minors': [], 'summary': None}]","[{'network': 'linkedin', 'id': '100467221', 'url': 'linkedin.com/in/freya-halvorsen-1059', 'username': 'freya-halvorsen-1059'}]",[],"[{'name': 'english', 'proficiency': None}]","{'status': 'updated', 'contains': [], 'previous_version': '12.0', 'current_version': '13.0'}",,,,,,,,,,,,,,,,,,
hugo pereira,hugo,pereira,female,linkedin.com/in/hugo-pereira-1060,hugo-pereira-1060,100475140,,,,commercial real estate,armorer and controller,field supervisor,['director'],amazon,amazon,,201-500,,commercial real estate,,,,,,,,,,,,,2021-04,"nederland, texas, united states",nederland,,texas,united states,north america,,,2661.0,"45,000-55,000",8.0,Armorer And Controller at Amazon. 6 years across commercial real estate.,[],[],"['cycling', 'history']","['servers', 'hazardous materials', 'facebook', 'healthcare', 'proofreading', 'law enforcement', 'data acquisition', 'asset management', 'system', 'newspapers', 'access control', 'network administration', 'afghanistan']","['nederland, texas, united states']",['texas'],['united states'],[],"[{'company': {'name': 'amazon', 'size': '1-10', 'industry': 'information technology and services', 'location': {'name': 'saint louis, missouri, united states'}}, 'location_names': ['nederland, texas, united states'], 'end_date': None, 'start_date': '2021-04', 'title': {'name': 'armorer and controller', 'role': 'operations', 'sub_role': None, 'levels': []}, 'is_primary': True, 'summary': None}]","[{'school': {'name': 'idaho state university college of business', 'type': 'post-secondary institution', 'location': {'name': 'kenosha, wisconsin, united states'}}, 'end_date': '2010', 'start_date': '2010', 'gpa': None, 'degrees': ['associates'], 'majors': ['nursing', 'political science'], 'minors': [], 'summary': None}, {'school': {'name': 'embry - riddle aeronautical university', 'type': 'post-secondary institution', 'location': {'name': 'jarrell, texas, united states'}}, 'end_date': '1992', 'start_date': '2006', 'gpa': None, 'degrees': ['doctorates', 'bachelor of science'], 'majors': ['nursing'], 'minors': [], 'summary': None}]","[{'network': 'linkedin', 'id': '100475140', 'url': 'linkedin.com/in/hugo-pereira-1060', 'username': 'hugo-pereira-1060'}]",[],"[{'name': 'english', 'proficiency': None}]","{'status': 'updated', 'contains': [], 'previous_version': '12.0', 'current_version': '13.0'}",,,,,,,,,,,,,,,,,,
full_name,first_name,last_name,gender,linkedin_url,linkedin_username,linkedin_id,facebook_url,facebook_username,facebook_id,industry,job_title,job_title_role,job_title_levels,job_company_id,job_company_name,job_company_website,job_company_size,job_company_founded,job_company_industry,job_company_linkedin_url,job_company_linkedin_id,job_company_facebook_url,job_company_twitter_url,job_company_location_name,job_company_location_locality,job_company_location_metro,job_company_location_region,job_company_location_geo,job_company_location_country,job_company_location_continent,job_last_updated,job_start_date,location_name,location_locality,location_metro,location_region,location_country,location_continent,location_geo,location_last_updated,linkedin_connections,inferred_salary,inferred_years_experience,summary,phone_numbers,emails,interests,skills,location_names,regions,countries,street_addresses,experience,education,profiles,certifications,languages,version_status,work_email,job_company_location_street_address,job_company_location_postal_code,job_summary,location_street_address,location_postal_code,middle_initial,middle_name,birth_year,birth_date,twitter_url,twitter_username,github_url,github_username,mobile_phone,location_address_line_2,job_title_sub_role,job_company_location_address_line_2
freya pereira,freya,pereira,male,linkedin.com/in/freya-pereira-1061,freya-pereira-1061,100483059,,,,banking,regional sales manager,automotive technician,[],transformco,transformco,,1001-5000,,banking,,,,,,,,,,,,,2022-08,"denton, texas, united states",denton,,texas,united states,north america,,,3424.0,">250,000",9.0,Regional Sales Manager at Transformco. 14 years across banking.,[],[],"['history', 'cycling', 'music']","['first aid', 'public policy', 'product development', 'access control', 'integration', 'auditing', 'hiring', 'avionics', 'energy industry', 'yahoo', 'business planning', 'creative writing', 'natural gas', 'maintenance and repair', 'computer repair', 'storytelling', 'legal writing', 'employee relations', 'military', 'purchasing', 'data analysis', 'telecommunications']","['denton, texas, united states']",['texas'],['united states'],[],"[{'company': {'name': 'transformco', 'size': '1-10', 'industry': 'law enforcement', 'location': {'name': 'fredericksburg, virginia, united states'}}, 'location_names': ['denton, texas, united states'], 'end_date': None, 'start_date': '2021-07', 'title': {'name': 'regional sales manager', 'role': 'business owner', 'sub_role': None, 'levels': []}, 'is_primary': True, 'summary': None}, {'company': {'name': 'u.s. house of representatives', 'size': '11-50', 'industry': 'computer software', 'location': {'name': 'jacksonville, florida, united states'}}, 'location_names': ['denton, texas, united states'], 'end_date': '2021-02', 'start_date': '2018-01', 'title': {'name': 'civil engineer', 'role': 'vp; relationship manager, specialized cash management', 'sub_role': None, 'levels': []}, 'is_primary': False, 'summary': None}]","[{'school': {'name': 'georgetown university', 'type': 'post-secondary institution', 'location': {'name': 'mineola, new york, united states'}}, 'end_date': '2019', 'start_date': '1995', 'gpa': None, 'degrees': ['masters'], 'majors': ['computer science'], 'minors': [], 'summary': None}]","[{'network': 'linkedin', 'id': '100483059', 'url': 'linkedin.com/in/freya-pereira-1061', 'username': 'freya-pereira-1061'}]",[],"[{'name': 'english', 'proficiency': None}]","{'status': 'updated', 'contains': [], 'previous_version': '12.0', 'current_version': '13.0'}",,,,,,,,,,,,,,,,,,
ava abiola,ava,abiola,male,linkedin.com/in/ava-abiola-1062,ava-abiola-1062,100490978,,,,law enforcement,global mobility consultant,network controller,[],redding-software-corporation,redding software corporation,,51-200,,law enforcement,,,,,,,,,,,,,2021-08,"springfield, virginia, united states",springfield,,virginia,united states,north america,,,1996.0,"85,000-100,000",7.0,Global Mobility Consultant at Redding Software Corporation. 20 years across law enforcement.,[],[],['music'],"['autocad', 'distribution center operations', 'security+', 'editing', 'volunteer management', 'uav', 'military training', 'marine corps', 'interrogation', 'risk assessment', 'airborne', 'team building', 'event planning', 'data acquisition', 'community development', 'military leadership', 'helicopters', 'electronics', 'joint military operations', 'french', 'operational planning', 'change management', 'social networking']","['springfield, virginia, united states']",['virginia'],['united states'],[],"[{'company': {'name': 'redding software corporation', 'size': '51-200', 'industry': 'higher education', 'location': {'name': 'sanford, north carolina, united states'}}, 'location_names': ['springfield, virginia, united states'], 'end_date': None, 'start_date': '2021-03', 'title': {'name': 'global mobility consultant', 'role': '2020-12-01', 'sub_role': None, 'levels': []}, 'is_primary': True, 'summary': None}, {'company': {'name': 'dcamm division of capital asset management and maintenance', 'size': '1-10', 'industry': 'non-profit organization management', 'location': {'name': 'normal, illinois, united states'}}, 'location_names': ['springfield, virginia, united states'], 'end_date': '2021-04', 'start_date': '2018-02', 'title': {'name': 'senior director', 'role': 'education', 'sub_role': None, 'levels': []}, 'is_primary': False, 'summary': None}, {'company': {'name': 'prudential financial', 'size': '1-10', 'industry': 'health', 'location': {'name': 'san jacinto, california, united states'}}, 'location_names': ['springfield, virginia, united states'], 'end_date': '2018-06', 'start_date': '2015-09', 'title': {'name': 'fuel distribution system foreman', 'role': 'assistant director international programs', 'sub_role': None, 'levels': ['senior']}, 'is_primary': False, 'summary': None}, {'company': {'name': 'cvs health', 'size': '1-10', 'industry': 'commercial real estate', 'location': {'name': 'austin, texas, united states'}}, 'location_names': ['springfield, virginia, united states'], 'end_date': '2015-05', 'start_date': '2012-03', 'title': {'name': 'military', 'role': 'project manager', 'sub_role': None, 'levels': []}, 'is_primary': False, 'summary': None}]","[{'school': {'name': 'columbia southern university', 'type': 'post-secondary institution', 'location': {'name': 'madison, wisconsin, united states'}}, 'end_date': '2011', 'start_date': '1993', 'gpa': None, 'degrees': ['bachelors'], 'majors': ['business administration'], 'minors': [], 'summary': None}]","[{'network': 'linkedin', 'id': '100490978', 'url': 'linkedin.com/in/ava-abiola-1062', 'username': 'ava-abiola-1062'}]",[],"[{'name': 'english', 'proficiency': None}]","{'status': 'updated', 'contains': [], 'previous_version': '12.0', 'current_version': '13.0'}",,,,,,,,,,,,,,,,,,
emil baptiste,emil,baptiste,,linkedin.com/in/emil-baptiste-1063,emil-baptiste-1063,100498897,,,,human resources,biotechnology,state strategic planner,['owner'],bentonville-public-schools,bentonville public schools,,201-500,,human resources,,,,,,,,,,,,,2022-08,"atlanta, georgia, united states",atlanta,,georgia,united states,north america,,,764.0,"100,000-150,000",23.0,Biotechnology at Bentonville Public Schools. 13 years across human resources.,[],[],[],"['security operations', 'start ups', 'blogging', 'sigint', 'active dod secret clearance', 'microsoft office', 'reconnaissance', 'fundraising', 'advertising', 'powerpoint', 'strategic communications', 'newsletters', 'help desk support', 'american', 'adult education', 'cold calling', 'air force', 'cctv', 'readiness']","['atlanta, georgia, united states']",['georgia'],['united states'],[],"[{'company': {'name': 'bentonville public schools', 'size': '51-200', 'industry': 'finance', 'location': {'name': 'stevens point, wisconsin, united states'}}, 'location_names': ['atlanta, georgia, united states'], 'end_date': None, 'start_date': '2021-02', 'title': {'name': 'biotechnology', 'role': 'resident agent in charge', 'sub_role': None, 'levels': []}, 'is_primary': True, 'summary': None}, {'company': {'name': 'quality back office', 'size': '1001-5000', 'industry': 'public relations and communications', 'location': {'name': 'mount airy, maryland, united states'}}, 'location_names': ['atlanta, georgia, united states'], 'end_date': '2021-08', 'start_date': '2018-02', 'title': {'name': 'medical advocacy program coordinator', 'role': 'retail sales associate', 'sub_role': None, 'levels': []}, 'is_primary': False, 'summary': None}]","[{'school': {'name': 'caesar rodney high school', 'type': 'post-secondary institution', 'location': {'name': 'centreville, virginia, united states'}}, 'end_date': '1996', 'start_date': '2013', 'gpa': None, 'degrees': ['doctorates'], 'majors': ['nursing'], 'minors': [], 'summary': None}]","[{'network': 'linkedin', 'id': '100498897', 'url': 'linkedin.com/in/emil-baptiste-1063', 'username': 'emil-baptiste-1063'}]",[],"[{'name': 'english', 'proficiency': None}]","{'status': 'updated', 'contains': [], 'previous_version': '12.0', 'current_version': '13.0'}",,,,,,,,,,,,,,,,,,
yusuf mwangi,yusuf,mwangi,female,linkedin.com/in/yusuf-mwangi-1064,yusuf-mwangi-1064,100506816,,,,health,kbr-inc,assistant director international programs,[],dcamm-division-of-capital-asset-management-and-maintenance,dcamm division of capital asset management and maintenance,,1001-5000,,health,,,,,,,,,,,,,2015-05,"kenosha, wisconsin, united states",kenosha,,wisconsin,united states,north america,,,776.0,"45,000-55,000",15.0,Kbr-Inc at Dcamm Division Of Capital Asset Management And Maintenance. 9 years across health.,[],[],"['hiking', 'music']","['photography', 'security', 'volunteer management', 'business analysis', 'management', 'video', 'crisis management']","['kenosha, wisconsin, united states']",['wisconsin'],['united states'],[],"[{'company': {'name': 'dcamm division of capital asset management and maintenance', 'size': '51-200', 'industry': 'legal services', 'location': {'name': 'brookfield, massachusetts, united states'}}, 'location_names': ['kenosha, wisconsin, united states'], 'end_date': None, 'start_date': '2021-08', 'title': {'name': 'kbr-inc', 'role': 'remote monitoring and management analyst', 'sub_role': None, 'levels': ['senior']}, 'is_primary': True, 'summary': None}]","[{'school': {'name': 'air university - maxwell air force base', 'type': 'post-secondary institution', 'location': {'name': 'lewiston, idaho, united states'}}, 'end_date': '1995', 'start_date': '2006', 'gpa': None, 'degrees': ['associates', 'bachelors'], 'majors': ['computer science'], 'minors': [], 'summary': None}]","[{'network': 'linkedin', 'id': '100506816', 'url': 'linkedin.com/in/yusuf-mwangi-1064', 'username': 'yusuf-mwangi-1064'}]",[],"[{'name': 'english', 'proficiency': None}]","{'status': 'updated', 'contains': [], 'previous_version': '12.0', 'current_version': '13.0'}",,,,,,,,,,,,,,,,,,
vera kozlov,vera,kozlov,male,linkedin.com/in/vera-kozlov-1065,vera-kozlov-1065,100514735,,,,operations,field service technician,media,['vp'],fiserv,fiserv,,1-10,,operations,,,,,,,,,,,,,2018-08,"breaux bridge, louisiana, united states",breaux bridge,,louisiana,united states,north america,,,567.0,"85,000-100,000",8.0,Field Service Technician at Fiserv. 3 years across operations.,[],[],"['travel', 'music']","['supply chain management', 'cross functional team leadership', 'six sigma', 'personal security', 'microsoft word', 'construction management', 'firearms', 'air force', 'shipping', 'responsibility', 'military', 'bls', 'marine corps', 'design', 'operating systems', 'budgets', 'security operations', 'military training', 'mergers and acquisitions', 'freight', 'army', 'customer service', 'iraq']","['breaux bridge, louisiana, united states']",['louisiana'],['united states'],[],"[{'company': {'name': 'fiserv', 'size': '51-200', 'industry': 'education management', 'location': {'name': 'minneapolis, minnesota, united states'}}, 'location_names': ['breaux bridge, louisiana, united states'], 'end_date': None, 'start_date': '2021-04', 'title': {'name': 'field service technician', 'role': 'legal', 'sub_role': None, 'levels': []}, 'is_primary': True, 'summary': None}, {'company': {'name': 'machine operator', 'size': '201-500', 'industry': 'operations', 'location': {'name': 'raleigh, north carolina, united states'}}, 'location_names': ['breaux bridge, louisiana, united states'], 'end_date': '2021-04', 'start_date': '2018-07', 'title': {'name': 'clinical site manager ii', 'role': 'field supervisor', 'sub_role': None, 'levels': ['senior']}, 'is_primary': False, 'summary': None}, {'company': {'name': 'metropolitan center for women and children', 'size': '201-500', 'industry': 'financial services', 'location': {'name': 'new york, new york, united states'}}, 'location_names': ['breaux bridge, louisiana, united states'], 'end_date': '2018-02', 'start_date': '2015-03', 'title': {'name': 'lean program manager', 'role': 'real_estate', 'sub_role': None, 'levels': []}, 'is_primary': False, 'summary': None}]","[{'school': {'name': 'campbell university', 'type': 'post-secondary institution', 'location': {'name': 'phoenix, arizona, united states'}}, 'end_date': '1990', 'start_date': '2001', 'gpa': None, 'degrees': ['bachelor of science', 'master of business administration'], 'majors': ['business administration'], 'minors': [], 'summary': None}]","[{'network': 'linkedin', 'id': '100514735', 'url': 'linkedin.com/in/vera-kozlov-1065', 'username': 'vera-kozlov-1065'}]",[],"[{'name': 'english', 'proficiency': None}]","{'status': 'updated', 'contains': [], 'previous_version': '12.0', 'current_version': '13.0'}",,,,,,,,,,,,,,,,,,
rania rahimi,rania,rahimi,,linkedin.com/in/rania-rahimi-1066,rania-rahimi-1066,100522654,,,,information_technology,hospital & health care,research associate professor and adjunct professor of biology,['cxo'],state-of-vermont,state of vermont,,1-10,,information_technology,,,,,,,,,,,,,2018-01,"raleigh, north carolina, united states",raleigh,,north carolina,united states,north america,,,2410.0,"55,000-70,000",14.0,Hospital & Health Care at State Of Vermont. 11 years across information_technology.,[],[],"['photography', 'hiking']","['bridge', 'active dod secret clearance', 'data entry', 'bls', 'joint military operations', 'business services', 'program evaluation', 'magazines', 'policy analysis', 'project management', 'management', 'windows server']","['raleigh, north carolina, united states']",['north carolina'],['united states'],[],"[{'company': {'name': 'state of vermont', 'size': '1001-5000', 'industry': 'education', 'location': {'name': 'burlington, vermont, united states'}}, 'location_names': ['raleigh, north carolina, united states'], 'end_date': None, 'start_date': '2021-09', 'title': {'name': 'hospital & health care', 'role': 'finance', 'sub_role': None, 'levels': ['director']}, 'is_primary': True, 'summary': None}]","[{'school': {'name': 'grantham university', 'type': 'post-secondary institution', 'location': {'name': 'gilbert, arizona, united states'}}, 'end_date': '1991', 'start_date': '2009', 'gpa': None, 'degrees': ['bachelor of science', 'masters'], 'majors': ['psychology'], 'minors': [], 'summary': None}, {'school': {'name': 'bellevue university', 'type': 'post-secondary institution', 'location': {'name': 'asheville, north carolina, united states'}}, 'end_date': '1995', 'start_date': '1999', 'gpa': None, 'degrees': ['bachelors', 'doctorates'], 'majors': ['computer science', 'engineering'], 'minors': [], 'summary': None}]","[{'network': 'linkedin', 'id': '100522654', 'url': 'linkedin.com/in/rania-rahimi-1066', 'username': 'rania-rahimi-1066'}]",[],"[{'name': 'english', 'proficiency': None}]","{'status': 'updated', 'contains': [], 'previous_version': '12.0', 'current_version': '13.0'}",,,,,,,,,,,,,,,,,,
maya castellan,maya,castellan,,linkedin.com/in/maya-castellan-1067,maya-castellan-1067,100530573,,,,military,research associate,real_estate,['entry'],legrand-north-america,"legrand, north america",,51-200,,military,,,,,,,,,,,,,2023-01,united states,united states,,,united states,north america,,,2144.0,"85,000-100,000",9.0,"Research Associate at Legrand, North America. 3 years across military.",[],[],['history'],"['government contracting', 'change management', 'new media', 'statistics', 'intelligence analysis', 'supply chain', 'wireless networking', 'interviews', 'storytelling', 'magazines', 'aerospace']",['united states'],[],['united states'],[],"[{'company': {'name': 'legrand, north america', 'size': '1001-5000', 'industry': 'consumer electronics', 'location': {'name': 'north palm beach, florida, united states'}}, 'location_names': ['united states'], 'end_date': None, 'start_date': '2021-04', 'title': {'name': 'research associate', 'role': 'business owner', 'sub_role': None, 'levels': ['owner']}, 'is_primary': True, 'summary': None}, {'company': {'name': 'ambulnz', 'size': '1001-5000', 'industry': 'libraries', 'location': {'name': 'san jacinto, california, united states'}}, 'location_names': ['united states'], 'end_date': '2021-01', 'start_date': '2018-07', 'title': {'name': 'armed federal security', 'role': '2020-12-01', 'sub_role': None, 'levels': []}, 'is_primary': False, 'summary': None}, {'company': {'name': 'mit lincoln laboratory', 'size': '11-50', 'industry': 'public relations and communications', 'location': {'name': 'newport news, virginia, united states'}}, 'location_names': ['united states'], 'end_date': '2018-01', 'start_date': '2015-03', 'title': {'name': 'aviation & aerospace', 'role': 'essential services broker', 'sub_role': None, 'levels': ['partner']}, 'is_primary': False, 'summary': None}]","[{'school': {'name': 'carl harrison high school', 'type': 'post-secondary institution', 'location': {'name': 'colorado springs, colorado, united states'}}, 'end_date': '1999', 'start_date': '1989', 'gpa': None, 'degrees': ['bachelors', 'associates'], 'majors': ['business administration', 'psychology'], 'minors': [], 'summary': None}, {'school': {'name': 'concordia university - wisconsin', 'type': 'post-secondary institution', 'location': {'name': 'centreville, virginia, united states'}}, 'end_date': '1995', 'start_date': '1994', 'gpa': None, 'degrees': ['bachelors'], 'majors': ['business administration', 'psychology'], 'minors': [], 'summary': None}]","[{'network': 'linkedin', 'id': '100530573', 'url': 'linkedin.com/in/maya-castellan-1067', 'username': 'maya-castellan-1067'}]",[],"[{'name': 'english', 'proficiency': None}]","{'status': 'updated', 'contains': [], 'previous_version': '12.0', 'current_version': '13.0'}",,,,,,,,,,,,,,,,,,
nadia lindqvist,nadia,lindqvist,,linkedin.com/in/nadia-lindqvist-1068,nadia-lindqvist-1068,100538492,,,,medical devices,entertainment,paramedic- medical officer and supervisor,[],csra-inc,csra inc,,11-50,,medical devices,,,,,,,,,,,,,2014-04,"lorton, virginia, united states",lorton,,virginia,united states,north america,,,3418.0,"85,000-100,000",27.0,Entertainment at Csra Inc. 15 years across medical devices.,[],[],"['chess', 'history']","['c#', 'editorial', 'active directory', 'project management', 'power generation', 'electrical troubleshooting', 'financial reporting', 'intelligence', 'cad', 'community outreach', 'c4isr', 'conflict resolution', 'sharepoint', 'storytelling']","['lorton, virginia, united states']",['virginia'],['united states'],[],"[{'company': {'name': 'csra inc', 'size': '11-50', 'industry': 'luxury goods & jewelry', 'location': {'name': 'bethesda, maryland, united states'}}, 'location_names': ['lorton, virginia, united states'], 'end_date': None, 'start_date': '2021-08', 'title': {'name': 'entertainment', 'role': 'field supervisor', 'sub_role': None, 'levels': ['manager']}, 'is_primary': True, 'summary': None}, {'company': {'name': 'metlife', 'size': '201-500', 'industry': 'hospital & health care', 'location': {'name': 'lewiston, idaho, united states'}}, 'location_names': ['lorton, virginia, united states'], 'end_date': '2021-06', 'start_date': '2018-01', 'title': {'name': 'government administration', 'role': 'legal', 'sub_role': None, 'levels': ['director']}, 'is_primary': False, 'summary': None}, {'company': {'name': 'national park service', 'size': '201-500', 'industry': 'medical devices', 'location': {'name': 'st. louis, missouri, united states'}}, 'location_names': ['lorton, virginia, united states'], 'end_date': '2018-07', 'start_date': '2015-09', 'title': {'name': 'principle material program manager', 'role': 'resident agent in charge', 'sub_role': None, 'levels': []}, 'is_primary': False, 'summary': None}]","[{'school': {'name': 'american intercontinental university', 'type': 'post-secondary institution', 'location': {'name': 'baltimore, maryland, united states'}}, 'end_date': '2009', 'start_date': '1986', 'gpa': None, 'degrees': ['doctorates'], 'majors': ['political science'], 'minors': [], 'summary': None}]","[{'network': 'linkedin', 'id': '100538492', 'url': 'linkedin.com/in/nadia-lindqvist-1068', 'username': 'nadia-lindqvist-1068'}]",[],"[{'name': 'english', 'proficiency': None}]","{'status': 'updated', 'contains': [], 'previous_version': '12.0', 'current_version': '13.0'}",,,,,,,,,,,,,,,,,,
emil soltani,emil,soltani,,linkedin.com/in/emil-soltani-1069,emil-soltani-1069,100546411,,,,insurance,music store sales associate,remote monitoring and management analyst,['vp'],dyncorp-international,dyncorp international,,201-500,,insurance,,,,,,,,,,,,,2018-04,"churubusco, indiana, united states",churubusco,,indiana,united states,north america,,,3115.0,"55,000-70,000",15.0,Music Store Sales Associate at Dyncorp International. 15 years across insurance.,[],[],['hiking'],"['information security', 'distribution center operations', 'intelligence analysis', 'project planning', 'desktop computers', 'executive protection', 'facilities management', 'energy industry', 'banking', 'military', 'military liaison']","['churubusco, indiana, united states']",['indiana'],['united states'],[],"[{'company': {'name': 'dyncorp international', 'size': '11-50', 'industry': 'human resources', 'location': {'name': 'brandenburg, germany'}}, 'location_names': ['churubusco, indiana, united states'], 'end_date': None, 'start_date': '2021-05', 'title': {'name': 'music store sales associate', 'role': 'network controller', 'sub_role': None, 'levels': []}, 'is_primary': True, 'summary': None}, {'company': {'name': 'u.s. & texas lawshield®', 'size': '1001-5000', 'industry': 'financial services', 'location': {'name': 'columbia, south carolina, united states'}}, 'location_names': ['churubusco, indiana, united states'], 'end_date': '2021-08', 'start_date': '2018-06', 'title': {'name': 'assistant process engineer', 'role': '2020-12-01', 'sub_role': None, 'levels': ['entry']}, 'is_primary': False, 'summary': None}, {'company': {'name': 'united nations', 'size': '51-200', 'industry': 'information technology and services', 'location': {'name': 'tooele, utah, united states'}}, 'location_names': ['churubusco, indiana, united states'], 'end_date': '2018-05', 'start_date': '2015-05', 'title': {'name': 'defense & space', 'role': 'remote monitoring and management analyst', 'sub_role': None, 'levels': []}, 'is_primary': False, 'summary': None}]","[{'school': {'name': 'allied american university', 'type': 'post-secondary institution', 'location': {'name': 'austin, texas, united states'}}, 'end_date': '2007', 'start_date': '2014', 'gpa': None, 'degrees': ['masters', 'bachelors'], 'majors': ['computer science'], 'minors': [], 'summary': None}, {'school': {'name': 'idaho state university college of business', 'type': 'post-secondary institution', 'location': {'name': 'clermont, florida, united states'}}, 'end_date': '2019', 'start_date': '1992', 'gpa': None, 'degrees': ['master of business administration', 'bachelors'], 'majors': ['nursing', 'engineering'], 'minors': [], 'summary': None}]","[{'network': 'linkedin', 'id': '100546411', 'url': 'linkedin.com/in/emil-soltani-1069', 'username': 'emil-soltani-1069'}]",[],"[{'name': 'english', 'proficiency': None}]","{'status': 'updated', 'contains': [], 'previous_version': '12.0', 'current_version': '13.0'}",,,,,,,,,,,,,,,,,,
nina ericsson,nina,ericsson,,linkedin.com/in/nina-ericsson-1070,nina-ericsson-1070,100554330,,,,media,operations manager,network controller,['owner'],florida-atlantic-university,florida atlantic university,,1-10,,media,,,,,,,,,,,,,2018-05,"clermont, florida, united states",clermont,,florida,united states,north america,,,1597.0,"55,000-70,000",15.0,Operations Manager at Florida Atlantic University. 7 years across media.,[],[],['hiking'],"['media relations', 'project management', 'change management', 'active dod secret clearance', 'event planning', 'force protection', 'property', 'communication', 'weapons', 'cost control', 'intelligence analysis', 'system', 'customer satisfaction', 'facebook', 'grant writing', 'team management', 'aviation', 'military', 'occupational health', 'nonprofits', 'volunteer management', 'information security', 'political science', 'organizational development', 'manufacturing', 'business services', 'newsletters']","['clermont, florida, united states']",['florida'],['united states'],[],"[{'company': {'name': 'florida atlantic university', 'size': '1-10', 'industry': 'political organization', 'location': {'name': 'san antonio, texas, united states'}}, 'location_names': ['clermont, florida, united states'], 'end_date': None, 'start_date': '2021-08', 'title': {'name': 'operations manager', 'role': 'education', 'sub_role': None, 'levels': ['director']}, 'is_primary': True, 'summary': None}]","[{'school': {'name': 'grand river technical school', 'type': 'post-secondary institution', 'location': {'name': 'seattle, washington, united states'}}, 'end_date': '2002', 'start_date': '2015', 'gpa': None, 'degrees': ['bachelors', 'bachelor of science'], 'majors': ['engineering'], 'minors': [], 'summary': None}]","[{'network': 'linkedin', 'id': '100554330', 'url': 'linkedin.com/in/nina-ericsson-1070', 'username': 'nina-ericsson-1070'}]",[],"[{'name': 'english', 'proficiency': None}]","{'status': 'updated', 'contains': [], 'previous_version': '12.0', 'current_version': '13.0'}",,,,,,,,,,,,,,,,,,
yusuf schreiber,yusuf,schreiber,male,linkedin.com/in/yusuf-schreiber-1071,yusuf-schreiber-1071,100562249,,,,online media,assistant director,"vp; relationship manager, specialized cash management",['director'],textron-aviation,textron aviation,,11-50,,online media,,,,,,,,,,,,,2020-02,"fairview, oregon, united states",fairview,,oregon,united states,north america,,,2896.0,"100,000-150,000",21.0,Assistant Director at Textron Aviation. 13 years across online media.,[],[],"['music', 'hiking', 'history']","['conflict resolution', 'patient safety', 'access', 'problem solving', 'yahoo', 'force protection', 'air force', 'inventory control', 'business services', 'field service', 'protection', 'hardware']","['fairview, oregon, united states']",['oregon'],['united states'],[],"[{'company': {'name': 'textron aviation', 'size': '1001-5000', 'industry': 'banking', 'location': {'name': 'falls church, virginia, united states'}}, 'location_names': ['fairview, oregon, united states'], 'end_date': None, 'start_date': '2021-05', 'title': {'name': 'assistant director', 'role': 'field supervisor', 'sub_role': None, 'levels': ['entry']}, 'is_primary': True, 'summary': None}, {'company': {'name': 'dyncorp international', 'size': '51-200', 'industry': 'management consulting', 'location': {'name': 'springfield, tennessee, united states'}}, 'location_names': ['fairview, oregon, united states'], 'end_date': '2021-05', 'start_date': '2018-09', 'title': {'name': 'insurance', 'role': 'remote monitoring and management analyst', 'sub_role': None, 'levels': []}, 'is_primary': False, 'summary': None}, {'company': {'name': 'heritage texas properties', 'size': '201-500', 'industry': 'legislative office', 'location': {'name': 'smithville, texas, united states'}}, 'location_names': ['fairview, oregon, united states'], 'end_date': '2018-07', 'start_date': '2015-05', 'title': {'name': 'senior software engineer', 'role': 'real_estate', 'sub_role': None, 'levels': []}, 'is_primary': False, 'summary': None}]","[{'school': {'name': 'grover cleveland high school', 'type': 'post-secondary institution', 'location': {'name': 'sugar land, texas, united states'}}, 'end_date': '2020', 'start_date': '1990', 'gpa': None, 'degrees': ['bachelors', 'associates'], 'majors': ['computer science'], 'minors': [], 'summary': None}, {'school': {'name': 'broward community college', 'type': 'post-secondary institution', 'location': {'name': 'centreville, virginia, united states'}}, 'end_date': '2017', 'start_date': '2006', 'gpa': None, 'degrees': ['masters'], 'majors': ['psychology'], 'minors': [], 'summary': None}]","[{'network': 'linkedin', 'id': '100562249', 'url': 'linkedin.com/in/yusuf-schreiber-1071', 'username': 'yusuf-schreiber-1071'}]",[],"[{'name': 'english', 'proficiency': None}]","{'status': 'updated', 'contains': [], 'previous_version': '12.0', 'current_version': '13.0'}",,,,,,,,,,,,,,,,,,
lena okoro,lena,okoro,female,linkedin.com/in/lena-okoro-1072,lena-okoro-1072,100570168,,,,health,human resources specialist,marketing,['cxo'],bath-iron-works,bath iron works,,51-200,,health,,,,,,,,,,,,,2012-09,مخرج ومنفذ مؤثرات خاصه,مخرج ومنفذ مؤثرات خاصه,,,مخرج ومنفذ مؤثرات خاصه,north america,,,2310.0,"85,000-100,000",2.0,Human Resources Specialist at Bath Iron Works. 10 years across health.,[],[],"['music', 'hiking', 'history']","['retail', 'flights', 'arabic', 'critical thinking', 'salesforce.com', 'publishing', 'higher education', 'javascript', 'clinical research', 'public speaking', 'change management', 'photography', 'contract management', 'inventory management', 'safety management systems', 'security', 'computer maintenance', 'distribution center operations', 'excel', 'active directory', 'intelligence', 'homeland security', 'law enforcement', 'legal research', 'process scheduler', 'cpr certified']",['مخرج ومنفذ مؤثرات خاصه'],[],['مخرج ومنفذ مؤثرات خاصه'],[],"[{'company': {'name': 'bath iron works', 'size': '1001-5000', 'industry': 'legislative office', 'location': {'name': 'wisconsin, united states'}}, 'location_names': ['مخرج ومنفذ مؤثرات خاصه'], 'end_date': None, 'start_date': '2021-05', 'title': {'name': 'human resources specialist', 'role': 'operations', 'sub_role': None, 'levels': []}, 'is_primary': True, 'summary': None}, {'company': {'name': 'menards', 'size': '201-500', 'industry': 'government relations', 'location': {'name': 'brookfield, massachusetts, united states'}}, 'location_names': ['مخرج ومنفذ مؤثرات خاصه'], 'end_date': '2021-05', 'start_date': '2018-02', 'title': {'name': 'editor', 'role': 'real_estate', 'sub_role': None, 'levels': []}, 'is_primary': False, 'summary': None}, {'company': {'name': 'dcamm division of capital asset management and maintenance', 'size': '51-200', 'industry': 'non-profit organization management', 'location': {'name': 'fairview, oregon, united states'}}, 'location_names': ['مخرج ومنفذ مؤثرات خاصه'], 'end_date': '2018-05', 'start_date': '2015-02', 'title': {'name': 'system administrator', 'role': 'retail sales associate', 'sub_role': None, 'levels': ['senior']}, 'is_primary': False, 'summary': None}, {'company': {'name': 'metlife', 'size': '201-500', 'industry': 'education management', 'location': {'name': 'clover, south carolina, united states'}}, 'location_names': ['مخرج ومنفذ مؤثرات خاصه'], 'end_date': '2015-01', 'start_date': '2012-01', 'title': {'name': 'president', 'role': 'remote monitoring and management analyst', 'sub_role': None, 'levels': []}, 'is_primary': False, 'summary': None}]","[{'school': {'name': 'grover cleveland high school (queens)', 'type': 'post-secondary institution', 'location': {'name': 'mount airy, maryland, united states'}}, 'end_date': '1998', 'start_date': '1993', 'gpa': None, 'degrees': ['master of business administration'], 'majors': ['engineering', 'computer science'], 'minors': [], 'summary': None}, {'school': {'name': 'binghamton university', 'type': 'post-secondary institution', 'location': {'name': 'madison, wisconsin, united states'}}, 'end_date': '1995', 'start_date': '1991', 'gpa': None, 'degrees': ['associates', 'doctorates'], 'majors': ['nursing', 'engineering'], 'minors': [], 'summary': None}]","[{'network': 'linkedin', 'id': '100570168', 'url': 'linkedin.com/in/lena-okoro-1072', 'username': 'lena-okoro-1072'}]",[],"[{'name': 'english', 'proficiency': None}]","{'status': 'updated', 'contains': [], 'previous_version': '12.0', 'current_version': '13.0'}",,,,,,,,,,,,,,,,,,
zara baptiste,zara,baptiste,male,linkedin.com/in/zara-baptiste-1073,zara-baptiste-1073,100578087,,,,insurance,research associate,legal,['vp'],eide-bailly-llp,eide bailly llp,,1001-5000,,insurance,,,,,,,,,,,,,2023-03,"st. louis, missouri, united states",st. louis,,missouri,united states,north america,,,2308.0,"85,000-100,000",3.0,Research Associate at Eide Bailly Llp. 12 years across insurance.,[],[],"['history', 'chess']","['staff development', 'combat', 'spss', 'sigint', 'security operations', 'nato', 'account reconciliation', 'system', 'disaster response', 'real estate', 'natural gas', 'training', 'cabling', 'investigation', 'evidence', 'conflict resolution', 'supervision', 'national security', 'public speaking', 'applicant tracking systems', 'project engineering', 'employee relations', 'project management', 'desktop computers', 'first aid', 'mergers and acquisitions', 'aircraft maintenance', 'strategy', 'airborne', 'cctv']","['st. louis, missouri, united states']",['missouri'],['united states'],[],"[{'company': {'name': 'eide bailly llp', 'size': '1001-5000', 'industry': 'medical devices', 'location': {'name': 'fletcher, oklahoma, united states'}}, 'location_names': ['st. louis, missouri, united states'], 'end_date': None, 'start_date': '2021-05', 'title': {'name': 'research associate', 'role': 'property and consumable controller', 'sub_role': None, 'levels': ['senior']}, 'is_primary': True, 'summary': None}, {'company': {'name': 'mastercard', 'size': '51-200', 'industry': 'chemicals', 'location': {'name': 'naperville, illinois, united states'}}, 'location_names': ['st. louis, missouri, united states'], 'end_date': '2021-01', 'start_date': '2018-05', 'title': {'name': 'oil & energy', 'role': 'real_estate', 'sub_role': None, 'levels': ['manager']}, 'is_primary': False, 'summary': None}, {'company': {'name': 'combat capabilities development command armaments center', 'size': '51-200', 'industry': 'civic & social organization', 'location': {'name': 'phoenix, arizona, united states'}}, 'location_names': ['st. louis, missouri, united states'], 'end_date': '2018-04', 'start_date': '2015-03', 'title': {'name': 'logistics supervisor', 'role': 'network controller', 'sub_role': None, 'levels': ['entry']}, 'is_primary': False, 'summary': None}, {'company': {'name': 'nga', 'size': '11-50', 'industry': 'business supplies and equipment', 'location': {'name': 'vienna, virginia, united states'}}, 'location_names': ['st. louis, missouri, united states'], 'end_date': '2015-09', 'start_date': '2012-04', 'title': {'name': 'production supervisor', 'role': 'field supervisor', 'sub_role': None, 'levels': []}, 'is_primary': False, 'summary': None}]","[{'school': {'name': 'crenshaw christian academy', 'type': 'post-secondary institution', 'location': {'name': 'frisco, texas, united states'}}, 'end_date': '1990', 'start_date': '1997', 'gpa': None, 'degrees': ['associates'], 'majors': ['nursing'], 'minors': [], 'summary': None}, {'school': {'name': 'georgetown university law center', 'type': 'post-secondary institution', 'location': {'name': 'sanford, north carolina, united states'}}, 'end_date': '2010', 'start_date': '2006', 'gpa': None, 'degrees': ['masters'], 'majors': ['business administration'], 'minors': [], 'summary': None}]","[{'network': 'linkedin', 'id': '100578087', 'url': 'linkedin.com/in/zara-baptiste-1073', 'username': 'zara-baptiste-1073'}]",[],"[{'name': 'english', 'proficiency': None}]","{'status': 'updated', 'contains': [], 'previous_version': '12.0', 'current_version': '13.0'}",,,,,,,,,,,,,,,,,,
anton santoro,anton,santoro,,linkedin.com/in/anton-santoro-1074,anton-santoro-1074,100586006,,,,chemicals,battalion operations officer,assistant director international programs,[],radia-inc-p-s-,"radia inc., p.s.",,1001-5000,,chemicals,,,,,,,,,,,,,2022-08,"port orange, florida, united states",port orange,,florida,united states,north america,,,1105.0,"45,000-55,000",3.0,"Battalion Operations Officer at Radia Inc., P.S.. 18 years across chemicals.",[],[],[],"['active dod secret clearance', 'organizational development', 'veterans', 'wireless networking', 'nato', 'manufacturing', 'construction management', 'desktop computers', 'inventory control', 'navy', 'community development', 'afghanistan', 'field service', 'safety management systems', 'entrepreneurship', 'media relations', 'healthcare', 'career counseling', 'freight', 'natural gas']","['port orange, florida, united states']",['florida'],['united states'],[],"[{'company': {'name': 'radia inc., p.s.', 'size': '1001-5000', 'industry': 'consumer services', 'location': {'name': 'chief investment officer at ohio school employees retirement system'}}, 'location_names': ['port orange, florida, united states'], 'end_date': None, 'start_date': '2021-02', 'title': {'name': 'battalion operations officer', 'role': 'paramedic- medical officer and supervisor', 'sub_role': None, 'levels': ['director']}, 'is_primary': True, 'summary': None}, {'company': {'name': 'menards', 'size': '201-500', 'industry': 'education', 'location': {'name': 'san antonio, texas, united states'}}, 'location_names': ['port orange, florida, united states'], 'end_date': '2021-07', 'start_date': '2018-08', 'title': {'name': 'instructor of linguistics and arabic', 'role': 'vp; relationship manager, specialized cash management', 'sub_role': None, 'levels': ['manager']}, 'is_primary': False, 'summary': None}, {'company': {'name': 'ge healthcare', 'size': '201-500', 'industry': 'management consulting', 'location': {'name': 'fort worth, texas, united states'}}, 'location_names': ['port orange, florida, united states'], 'end_date': '2018-01', 'start_date': '2015-05', 'title': {'name': 'independent recruiting consultant', 'role': 'real_estate', 'sub_role': None, 'levels': []}, 'is_primary': False, 'summary': None}]","[{'school': {'name': 'kingwood high school', 'type': 'post-secondary institution', 'location': {'name': 'newport news, virginia, united states'}}, 'end_date': '2005', 'start_date': '1991', 'gpa': None, 'degrees': ['bachelors'], 'majors': ['psychology', 'business administration'], 'minors': [], 'summary': None}, {'school': {'name': 'ier | sdu', 'type': 'post-secondary institution', 'location': {'name': 'clover, south carolina, united states'}}, 'end_date': '1990', 'start_date': '2016', 'gpa': None, 'degrees': ['doctorates'], 'majors': ['psychology'], 'minors': [], 'summary': None}]","[{'network': 'linkedin', 'id': '100586006', 'url': 'linkedin.com/in/anton-santoro-1074', 'username': 'anton-santoro-1074'}]",[],"[{'name': 'english', 'proficiency': None}]","{'status': 'updated', 'contains': [], 'previous_version': '12.0', 'current_version': '13.0'}",,,,,,,,,,,,,,,,,,
elena novak,elena,novak,female,linkedin.com/in/elena-novak-1075,elena-novak-1075,100593925,,,,luxury goods & jewelry,deputy assistant secretary,essential services broker,['director'],sacramento-area-leaders-in-operations-management-sustainment,sacramento area leaders in operations & management sustainment,,1-10,,luxury goods & jewelry,,,,,,,,,,,,,2014-04,"dallas, texas, united states",dallas,,texas,united states,north america,,,2994.0,"100,000-150,000",3.0,Deputy Assistant Secretary at Sacramento Area Leaders In Operations & Management Sustainment. 14 years across luxury goods & jewelry.,[],[],[],"['cross functional team leadership', 'spanish', 'coordination', 'access control', 'feature articles', 'facebook', 'petroleum', 'windows server', 'acls', 'microsoft office', 'education', 'business strategy', 'manufacturing', 'coaching', 'program evaluation', 'field service', 'adobe creative suite', 'budgets', 'cctv', 'protection', 'computer hardware', 'press releases', 'hazardous materials', 'organizational leadership', 'joint military operations']","['dallas, texas, united states']",['texas'],['united states'],[],"[{'company': {'name': 'sacramento area leaders in operations & management sustainment', 'size': '11-50', 'industry': 'education', 'location': {'name': 'mustang, oklahoma, united states'}}, 'location_names': ['dallas, texas, united states'], 'end_date': None, 'start_date': '2021-01', 'title': {'name': 'deputy assistant secretary', 'role': 'automotive technician', 'sub_role': None, 'levels': ['owner']}, 'is_primary': True, 'summary': None}, {'company': {'name': 'dempsey lord smith, llc', 'size': '201-500', 'industry': 'government administration', 'location': {'name': 'south jacksonville, florida, united states'}}, 'location_names': ['dallas, texas, united states'], 'end_date': '2021-01', 'start_date': '2018-05', 'title': {'name': 'financial advisor', 'role': 'real_estate', 'sub_role': None, 'levels': ['cxo']}, 'is_primary': False, 'summary': None}, {'company': {'name': 'richardson west junior high', 'size': '1001-5000', 'industry': 'information_technology', 'location': {'name': 'farmingdale, new jersey, united states'}}, 'location_names': ['dallas, texas, united states'], 'end_date': '2018-06', 'start_date': '2015-07', 'title': {'name': 'business segment manager p and s', 'role': 'retail sales associate', 'sub_role': None, 'levels': ['manager']}, 'is_primary': False, 'summary': None}]","[{'school': {'name': 'dea/fbi academy', 'type': 'post-secondary institution', 'location': {'name': 'san jacinto, california, united states'}}, 'end_date': '2018', 'start_date': '2009', 'gpa': None, 'degrees': ['bachelors'], 'majors': ['engineering'], 'minors': [], 'summary': None}, {'school': {'name': 'associated builders and contractors institute', 'type': 'post-secondary institution', 'location': {'name': 'suffolk, virginia, united states'}}, 'end_date': '2020', 'start_date': '2001', 'gpa': None, 'degrees': ['bachelors', 'masters'], 'majors': ['computer science'], 'minors': [], 'summary': None}]","[{'network': 'linkedin', 'id': '100593925', 'url': 'linkedin.com/in/elena-novak-1075', 'username': 'elena-novak-1075'}]",[],"[{'name': 'english', 'proficiency': None}]","{'status': 'updated', 'contains': [], 'previous_version': '12.0', 'current_version': '13.0'}",,,,,,,,,,,,,,,,,,
elena mensah,elena,mensah,female,linkedin.com/in/elena-mensah-1076,elena-mensah-1076,100601844,,,,farming,team manager social media,essential services broker,[],alan-plummer-associates-inc,"alan plummer associates, inc",,11-50,,farming,,,,,,,,,,,,,2015-06,"madison, wisconsin, united states",madison,,wisconsin,united states,north america,,,2661.0,"55,000-70,000",15.0,"Team Manager Social Media at Alan Plummer Associates, Inc. 3 years across farming.",[],[],"['music', 'cycling']","['adobe creative suite', 'construction management', 'oil/gas', 'technical writing', 'cctv', 'clinical research', 'communication', 'military liaison', 'iraq', 'strategic communications', 'forklift operation', 'army', 'integration', 'counterterrorism', 'staff development', 'healthcare', 'budgets', 'diplomacy', 'team building', 'pipelines', 'sigint', 'training', 'avionics', 'autocad', 'security', 'patient safety', 'inventory management', 'account management']","['madison, wisconsin, united states']",['wisconsin'],['united states'],[],"[{'company': {'name': 'alan plummer associates, inc', 'size': '1001-5000', 'industry': 'apparel & fashion', 'location': {'name': 'payne, ohio, united states'}}, 'location_names': ['madison, wisconsin, united states'], 'end_date': None, 'start_date': '2021-01', 'title': {'name': 'team manager social media', 'role': 'finance', 'sub_role': None, 'levels': ['director']}, 'is_primary': True, 'summary': None}, {'company': {'name': 'law office of alexander diener', 'size': '51-200', 'industry': 'legal services', 'location': {'name': 'jacksonville, florida, united states'}}, 'location_names': ['madison, wisconsin, united states'], 'end_date': '2021-09', 'start_date': '2018-06', 'title': {'name': 'senior director', 'role': 'real_estate', 'sub_role': None, 'levels': []}, 'is_primary': False, 'summary': None}, {'company': {'name': 'national park service', 'size': '201-500', 'industry': 'insurance', 'location': {'name': 'tempe, arizona, united states'}}, 'location_names': ['madison, wisconsin, united states'], 'end_date': '2018-07', 'start_date': '2015-08', 'title': {'name': 'clinical site manager ii', 'role': 'media', 'sub_role': None, 'levels': ['manager']}, 'is_primary': False, 'summary': None}, {'company': {'name': 'the center of drug discovery and department of pharmaceutical sciences northeastern university', 'size': '1001-5000', 'industry': 'information_technology', 'location': {'name': 'arlington, virginia, united states'}}, 'location_names': ['madison, wisconsin, united states'], 'end_date': '2015-06', 'start_date': '2012-01', 'title': {'name': 'logistics specialist', 'role': 'media', 'sub_role': None, 'levels': ['manager']}, 'is_primary': False, 'summary': None}]","[{'school': {'name': 'bethel college', 'type': 'post-secondary institution', 'location': {'name': 'alexandria, virginia, united states'}}, 'end_date': '2012', 'start_date': '2006', 'gpa': None, 'degrees': ['master of business administration', 'doctorates'], 'majors': ['engineering'], 'minors': [], 'summary': None}, {'school': {'name': 'arizona state university', 'type': 'post-secondary institution', 'location': {'name': 'elizabeth city, north carolina, united states'}}, 'end_date': '1995', 'start_date': '2014', 'gpa': None, 'degrees': ['bachelors', 'doctorates'], 'majors': ['psychology'], 'minors': [], 'summary': None}]","[{'network': 'linkedin', 'id': '100601844', 'url': 'linkedin.com/in/elena-mensah-1076', 'username': 'elena-mensah-1076'}]",[],"[{'name': 'english', 'proficiency': None}]","{'status': 'updated', 'contains': [], 'previous_version': '12.0', 'current_version': '13.0'}",,,,,,,,,,,,,,,,,,
omar odonnell,omar,odonnell,,linkedin.com/in/omar-odonnell-1077,omar-odonnell-1077,100609763,,,,hospital & health care,network technician,media,['director'],sts-technical-services,sts technical services,,1001-5000,,hospital & health care,,,,,,,,,,,,,2018-03,united states,united states,,,united states,north america,,,2818.0,"70,000-85,000",30.0,Network Technician at Sts Technical Services. 14 years across hospital & health care.,[],[],"['history', 'chess', 'hiking', 'cycling']","['interrogation', 'hazardous materials', 'onboarding', 'construction', 'u.s. department of defense', 'grant writing', 'multimedia', 'forklift operation', 'interviews', 'auditing', 'training', 'mentoring', 'sigint', 'materials']",['united states'],[],['united states'],[],"[{'company': {'name': 'sts technical services', 'size': '1-10', 'industry': 'design', 'location': {'name': 'jacksonville, florida, united states'}}, 'location_names': ['united states'], 'end_date': None, 'start_date': '2021-09', 'title': {'name': 'network technician', 'role': 'network controller', 'sub_role': None, 'levels': ['manager']}, 'is_primary': True, 'summary': None}, {'company': {'name': 'phillips-medisize', 'size': '1-10', 'industry': 'oil & energy', 'location': {'name': 'seattle, washington, united states'}}, 'location_names': ['united states'], 'end_date': '2021-07', 'start_date': '2018-01', 'title': {'name': 'assistant professor', 'role': 'engineering', 'sub_role': None, 'levels': ['entry']}, 'is_primary': False, 'summary': None}, {'company': {'name': 'headquarters us army alaska', 'size': '11-50', 'industry': 'business supplies and equipment', 'location': {'name': 'colorado springs, colorado, united states'}}, 'location_names': ['united states'], 'end_date': '2018-05', 'start_date': '2015-02', 'title': {'name': 'chief financial officer', 'role': 'finance', 'sub_role': None, 'levels': []}, 'is_primary': False, 'summary': None}, {'company': {'name': 'idaho state university', 'size': '11-50', 'industry': 'electrical/electronic manufacturing', 'location': {'name': 'gilbert, arizona, united states'}}, 'location_names': ['united states'], 'end_date': '2015-09', 'start_date': '2012-03', 'title': {'name': 'lean program manager', 'role': 'mdp operations workcenter manager', 'sub_role': None, 'levels': []}, 'is_primary': False, 'summary': None}]","[{'school': {'name': 'eastern kentucky university', 'type': 'post-secondary institution', 'location': {'name': 'austin, texas, united states'}}, 'end_date': '1997', 'start_date': '1990', 'gpa': None, 'degrees': ['bachelors', 'master of business administration'], 'majors': ['political science'], 'minors': [], 'summary': None}]","[{'network': 'linkedin', 'id': '100609763', 'url': 'linkedin.com/in/omar-odonnell-1077', 'username': 'omar-odonnell-1077'}]",[],"[{'name': 'english', 'proficiency': None}]","{'status': 'updated', 'contains': [], 'previous_version': '12.0', 'current_version': '13.0'}",,,,,,,,,,,,,,,,,,
kofi petrov,kofi,petrov,male,linkedin.com/in/kofi-petrov-1078,kofi-petrov-1078,100617682,,,,defense & space,captain and training coordinator,property and consumable controller,['entry'],amideast,amideast,,1-10,,defense & space,,,,,,,,,,,,,2020-01,"atlanta, georgia, united states",atlanta,,georgia,united states,north america,,,83.0,">250,000",10.0,Captain And Training Coordinator at Amideast. 14 years across defense & space.,[],[],"['chess', 'cycling', 'hiking', 'travel']","['photography', 'active directory', 'video', 'crisis communications', 'integration', 'desktop computers', 'customer retention', 'property', 'software documentation']","['atlanta, georgia, united states']",['georgia'],['united states'],[],"[{'company': {'name': 'amideast', 'size': '1001-5000', 'industry': 'hospital & health care', 'location': {'name': 'smithville, texas, united states'}}, 'location_names': ['atlanta, georgia, united states'], 'end_date': None, 'start_date': '2021-08', 'title': {'name': 'captain and training coordinator', 'role': 'media', 'sub_role': None, 'levels': []}, 'is_primary': True, 'summary': None}, {'company': {'name': 'radia inc., p.s.', 'size': '201-500', 'industry': 'human_resources', 'location': {'name': 'fairview, oregon, united states'}}, 'location_names': ['atlanta, georgia, united states'], 'end_date': '2021-04', 'start_date': '2018-09', 'title': {'name': 'hospital & health care', 'role': 'vp; relationship manager, specialized cash management', 'sub_role': None, 'levels': []}, 'is_primary': False, 'summary': None}]","[{'school': {'name': 'brunswick high school', 'type': 'post-secondary institution', 'location': {'name': 'frisco, texas, united states'}}, 'end_date': '2009', 'start_date': '2016', 'gpa': None, 'degrees': ['bachelor of science'], 'majors': ['business administration', 'political science'], 'minors': [], 'summary': None}, {'school': {'name': 'concordia university - wisconsin', 'type': 'post-secondary institution', 'location': {'name': 'mount airy, maryland, united states'}}, 'end_date': '1991', 'start_date': '2000', 'gpa': None, 'degrees': ['doctorates'], 'majors': ['political science', 'business administration'], 'minors': [], 'summary': None}]","[{'network': 'linkedin', 'id': '100617682', 'url': 'linkedin.com/in/kofi-petrov-1078', 'username': 'kofi-petrov-1078'}]",[],"[{'name': 'english', 'proficiency': None}]","{'status': 'updated', 'contains': [], 'previous_version': '12.0', 'current_version': '13.0'}",,,,,,,,,,,,,,,,,,
oscar aubert,oscar,aubert,male,linkedin.com/in/oscar-aubert-1079,oscar-aubert-1079,100625601,,,,luxury goods & jewelry,evidence control specialist,education,[],save-the-children,save the children,,1001-5000,,luxury goods & jewelry,,,,,,,,,,,,,2018-08,"fairview, oregon, united states",fairview,,oregon,united states,north america,,,2162.0,"45,000-55,000",10.0,Evidence Control Specialist at Save The Children. 8 years across luxury goods & jewelry.,[],[],['photography'],"['military logistics', 'information security', 'budgets', 'inspection', 'data analysis', 'interviews', 'upstream', 'student affairs', 'interrogation', 'teaching', 'emergency medicine', 'inventory control', 'powerpoint', 'transportation', 'adobe creative suite', 'event management']","['fairview, oregon, united states']",['oregon'],['united states'],[],"[{'company': {'name': 'save the children', 'size': '11-50', 'industry': 'higher education', 'location': {'name': 'marion, texas, united states'}}, 'location_names': ['fairview, oregon, united states'], 'end_date': None, 'start_date': '2021-05', 'title': {'name': 'evidence control specialist', 'role': 'real_estate', 'sub_role': None, 'levels': []}, 'is_primary': True, 'summary': None}, {'company': {'name': 'ultra electronics - undersea sensor systems, inc.', 'size': '51-200', 'industry': 'primary/secondary education', 'location': {'name': 'fredericksburg, virginia, united states'}}, 'location_names': ['fairview, oregon, united states'], 'end_date': '2021-07', 'start_date': '2018-02', 'title': {'name': 'senior operations manager', 'role': 'state strategic planner', 'sub_role': None, 'levels': []}, 'is_primary': False, 'summary': None}, {'company': {'name': 'cushman & wakefield', 'size': '201-500', 'industry': 'commercial real estate', 'location': {'name': 'tooele, utah, united states'}}, 'location_names': ['fairview, oregon, united states'], 'end_date': '2018-09', 'start_date': '2015-09', 'title': {'name': 'data analyst', 'role': 'state strategic planner', 'sub_role': None, 'levels': ['vp']}, 'is_primary': False, 'summary': None}]","[{'school': {'name': 'arizona state university', 'type': 'post-secondary institution', 'location': {'name': 'white salmon, washington, united states'}}, 'end_date': '2005', 'start_date': '2007', 'gpa': None, 'degrees': ['associates', 'masters'], 'majors': ['computer science', 'political science'], 'minors': [], 'summary': None}]","[{'network': 'linkedin', 'id': '100625601', 'url': 'linkedin.com/in/oscar-aubert-1079', 'username': 'oscar-aubert-1079'}]",[],"[{'name': 'english', 'proficiency': None}]","{'status': 'updated', 'contains': [], 'previous_version': '12.0', 'current_version': '13.0'}",,,,,,,,,,,,,,,,,,
leila haddad,leila,haddad,male,linkedin.com/in/leila-haddad-1080,leila-haddad-1080,100633520,,,,accounting,senior information technology manager,project manager,[],idaho-state-university,idaho state university,,1-10,,accounting,,,,,,,,,,,,,2021-01,"houston, texas, united states",houston,,texas,united states,north america,,,2046.0,"70,000-85,000",18.0,Senior Information Technology Manager at Idaho State University. 9 years across accounting.,[],[],"['music', 'cycling', 'chess']","['command', 'law enforcement', 'purchasing', 'electrical troubleshooting', 'military', 'matlab', 'sales management', 'civil engineering', 'employee training', 'legal research', 'army', 'desktop computers', 'copywriting', 'electronic warfare', 'political science', 'budgets', 'close protection']","['houston, texas, united states']",['texas'],['united states'],[],"[{'company': {'name': 'idaho state university', 'size': '11-50', 'industry': 'computer software', 'location': {'name': 'jacksonville, florida, united states'}}, 'location_names': ['houston, texas, united states'], 'end_date': None, 'start_date': '2021-04', 'title': {'name': 'senior information technology manager', 'role': 'marketing', 'sub_role': None, 'levels': ['vp']}, 'is_primary': True, 'summary': None}]","[{'school': {'name': 'duke university', 'type': 'post-secondary institution', 'location': {'name': 'tustin, california, united states'}}, 'end_date': '1992', 'start_date': '2009', 'gpa': None, 'degrees': ['masters'], 'majors': ['psychology', 'engineering'], 'minors': [], 'summary': None}]","[{'network': 'linkedin', 'id': '100633520', 'url': 'linkedin.com/in/leila-haddad-1080', 'username': 'leila-haddad-1080'}]",[],"[{'name': 'english', 'proficiency': None}]","{'status': 'updated', 'contains': [], 'previous_version': '12.0', 'current_version': '13.0'}",,,,,,,,,,,,,,,,,,
kofi moreau,kofi,moreau,,linkedin.com/in/kofi-moreau-1081,kofi-moreau-1081,100641439,,,,political organization,operations manager,mdp operations workcenter manager,['owner'],amazon,amazon,,51-200,,political organization,,,,,,,,,,,,,2021-07,"colorado springs, colorado, united states",colorado springs,,colorado,united states,north america,,,3099.0,"100,000-150,000",4.0,Operations Manager at Amazon. 6 years across political organization.,[],[],['travel'],"['manufacturing', 'operations management', 'cell', 'english', 'management', 'social networking', 'crisis communications', 'special operations', 'corporate security', 'bridge', 'police', 'operating systems']","['colorado springs, colorado, united states']",['colorado'],['united states'],[],"[{'company': {'name': 'amazon', 'size': '1-10', 'industry': 'management consulting', 'location': {'name': 'churubusco, indiana, united states'}}, 'location_names': ['colorado springs, colorado, united states'], 'end_date': None, 'start_date': '2021-06', 'title': {'name': 'operations manager', 'role': 'operations', 'sub_role': None, 'levels': []}, 'is_primary': True, 'summary': None}, {'company': {'name': 'applied composites engineering', 'size': '201-500', 'industry': 'apparel & fashion', 'location': {'name': 'washington, district of columbia, united states'}}, 'location_names': ['colorado springs, colorado, united states'], 'end_date': '2021-06', 'start_date': '2018-01', 'title': {'name': 'financial planner', 'role': 'property and consumable controller', 'sub_role': None, 'levels': []}, 'is_primary': False, 'summary': None}, {'company': {'name': 'baker college', 'size': '1001-5000', 'industry': 'government administration', 'location': {'name': 'rochester, new york, united states'}}, 'location_names': ['colorado springs, colorado, united states'], 'end_date': '2018-05', 'start_date': '2015-05', 'title': {'name': 'armed federal security', 'role': 'legal', 'sub_role': None, 'levels': ['director']}, 'is_primary': False, 'summary': None}]","[{'school': {'name': 'al - karkh high school', 'type': 'post-secondary institution', 'location': {'name': 'overland park, kansas, united states'}}, 'end_date': '2000', 'start_date': '1997', 'gpa': None, 'degrees': ['bachelor of science', 'bachelors'], 'majors': ['computer science', 'psychology'], 'minors': [], 'summary': None}, {'school': {'name': 'craven community college', 'type': 'post-secondary institution', 'location': {'name': 'quincy, massachusetts, united states'}}, 'end_date': '2017', 'start_date': '1994', 'gpa': None, 'degrees': ['doctorates'], 'majors': ['engineering'], 'minors': [], 'summary': None}]","[{'network': 'linkedin', 'id': '100641439', 'url': 'linkedin.com/in/kofi-moreau-1081', 'username': 'kofi-moreau-1081'}]",[],"[{'name': 'english', 'proficiency': None}]","{'status': 'updated', 'contains': [], 'previous_version': '12.0', 'current_version': '13.0'}",,,,,,,,,,,,,,,,,,
anton koval,anton,koval,female,linkedin.com/in/anton-koval-1082,anton-koval-1082,100649358,,,,online media,chief financial officer,human_resources,[],georgia-school-boards-association,georgia school boards association,,11-50,,online media,,,,,,,,,,,,,2023-02,"charlotte, north carolina, united states",charlotte,,north carolina,united states,north america,,,3025.0,"70,000-85,000",19.0,Chief Financial Officer at Georgia School Boards Association. 8 years across online media.,[],[],"['hiking', 'cycling', 'history', 'chess']","['adult education', 'electrical troubleshooting', 'transportation management', 'customer retention', 'quality assurance', 'criminal justice', 'broadband', 'personnel management', 'system', 'recruiting', 'army', 'technical writing', 'energy industry', 'business services', 'access control', 'military', 'aircraft', 'community outreach']","['charlotte, north carolina, united states']",['north carolina'],['united states'],[],"[{'company': {'name': 'georgia school boards association', 'size': '201-500', 'industry': 'information technology and services', 'location': {'name': 'saint maries, idaho, united states'}}, 'location_names': ['charlotte, north carolina, united states'], 'end_date': None, 'start_date': '2021-01', 'title': {'name': 'chief financial officer', 'role': '2020-12-01', 'sub_role': None, 'levels': []}, 'is_primary': True, 'summary': None}, {'company': {'name': 'air tech spray solutions', 'size': '1001-5000', 'industry': 'military', 'location': {'name': 'raleigh, north carolina, united states'}}, 'location_names': ['charlotte, north carolina, united states'], 'end_date': '2021-03', 'start_date': '2018-05', 'title': {'name': 'lead technician', 'role': 'essential services broker', 'sub_role': None, 'levels': []}, 'is_primary': False, 'summary': None}, {'company': {'name': 'moonlight hookah lounge', 'size': '1001-5000', 'industry': 'operations', 'location': {'name': 'bethesda, maryland, united states'}}, 'location_names': ['charlotte, north carolina, united states'], 'end_date': '2018-01', 'start_date': '2015-03', 'title': {'name': 'financial advisor', 'role': 'transportation operations manager', 'sub_role': None, 'levels': ['senior']}, 'is_primary': False, 'summary': None}]","[{'school': {'name': 'duke university', 'type': 'post-secondary institution', 'location': {'name': 'green bay, wisconsin, united states'}}, 'end_date': '2009', 'start_date': '1995', 'gpa': None, 'degrees': ['bachelors'], 'majors': ['business administration'], 'minors': [], 'summary': None}]","[{'network': 'linkedin', 'id': '100649358', 'url': 'linkedin.com/in/anton-koval-1082', 'username': 'anton-koval-1082'}]",[],"[{'name': 'english', 'proficiency': None}]","{'status': 'updated', 'contains': [], 'previous_version': '12.0', 'current_version': '13.0'}",,,,,,,,,,,,,,,,,,
zara castellan,zara,castellan,female,linkedin.com/in/zara-castellan-1083,zara-castellan-1083,100657277,,,,electrical/electronic manufacturing,senior operations manager,sales,[],prudential-financial,prudential financial,,51-200,,electrical/electronic manufacturing,,,,,,,,,,,,,2023-03,"falls church, virginia, united states",falls church,,virginia,united states,north america,,,2873.0,"100,000-150,000",6.0,Senior Operations Manager at Prudential Financial. 12 years across electrical/electronic manufacturing.,[],[],"['cycling', 'chess']","['transportation', 'offshore drilling', 'aircraft', 'air force', 'acls', 'materials management', 'distribution center operations', 'cost control', 'marketing strategy', 'shipping', 'project engineering', 'integration', 'contractors']","['falls church, virginia, united states']",['virginia'],['united states'],[],"[{'company': {'name': 'prudential financial', 'size': '1001-5000', 'industry': 'business development', 'location': {'name': 'sheffield, sheffield, united kingdom'}}, 'location_names': ['falls church, virginia, united states'], 'end_date': None, 'start_date': '2021-02', 'title': {'name': 'senior operations manager', 'role': 'property and consumable controller', 'sub_role': None, 'levels': ['partner']}, 'is_primary': True, 'summary': None}, {'company': {'name': 'textron aviation', 'size': '11-50', 'industry': 'information technology and services', 'location': {'name': 'cary, north carolina, united states'}}, 'location_names': ['falls church, virginia, united states'], 'end_date': '2021-03', 'start_date': '2018-04', 'title': {'name': 'staff project engineer -sonobuoy systems', 'role': 'finance', 'sub_role': None, 'levels': []}, 'is_primary': False, 'summary': None}, {'company': {'name': 'king county', 'size': '1001-5000', 'industry': 'non-profit organization management', 'location': {'name': 'burlington, vermont, united states'}}, 'location_names': ['falls church, virginia, united states'], 'end_date': '2018-07', 'start_date': '2015-08', 'title': {'name': 'financial planner', 'role': 'resident agent in charge', 'sub_role': None, 'levels': ['vp']}, 'is_primary': False, 'summary': None}, {'company': {'name': 'transformco', 'size': '1001-5000', 'industry': 'education management', 'location': {'name': 'killeen, texas, united states'}}, 'location_names': ['falls church, virginia, united states'], 'end_date': '2015-08', 'start_date': '2012-05', 'title': {'name': 'information system security officer', 'role': 'assistant director international programs', 'sub_role': None, 'levels': []}, 'is_primary': False, 'summary': None}]","[{'school': {'name': 'austin peay state university', 'type': 'post-secondary institution', 'location': {'name': 'sugar land, texas, united states'}}, 'end_date': '2018', 'start_date': '2016', 'gpa': None, 'degrees': ['masters', 'bachelors'], 'majors': ['business administration'], 'minors': [], 'summary': None}, {'school': {'name': 'anne arundel community college', 'type': 'post-secondary institution', 'location': {'name': 'hondo, texas, united states'}}, 'end_date': '1998', 'start_date': '1994', 'gpa': None, 'degrees': ['bachelor of science', 'master of business administration'], 'majors': ['political science', 'psychology'], 'minors': [], 'summary': None}]","[{'network': 'linkedin', 'id': '100657277', 'url': 'linkedin.com/in/zara-castellan-1083', 'username': 'zara-castellan-1083'}]",[],"[{'name': 'english', 'proficiency': None}]","{'status': 'updated', 'contains': [], 'previous_version': '12.0', 'current_version': '13.0'}",,,,,,,,,,,,,,,,,,
pablo kozlov,pablo,kozlov,,linkedin.com/in/pablo-kozlov-1084,pablo-kozlov-1084,100665196,,,,food production,project manager level,field supervisor,['vp'],the-ucan-company,the ucan company,,51-200,,food production,,,,,,,,,,,,,2020-09,"philadelphia, pennsylvania, united states",philadelphia,,pennsylvania,united states,north america,,,3940.0,">250,000",17.0,Project Manager Level at The Ucan Company. 17 years across food production.,[],[],"['history', 'travel', 'photography', 'music']","['human resources', 'management', 'writing', 'real estate', 'reconnaissance', 'sharepoint', 'feature articles', 'hiring', 'adult education', 'readiness', 'student affairs', 'publications', 'veterans', 'french', 'routers']","['philadelphia, pennsylvania, united states']",['pennsylvania'],['united states'],[],"[{'company': {'name': 'the ucan company', 'size': '201-500', 'industry': 'operations', 'location': {'name': 'tustin, california, united states'}}, 'location_names': ['philadelphia, pennsylvania, united states'], 'end_date': None, 'start_date': '2021-03', 'title': {'name': 'project manager level', 'role': 'finance', 'sub_role': None, 'levels': ['owner']}, 'is_primary': True, 'summary': None}]","[{'school': {'name': 'college of the mainland', 'type': 'post-secondary institution', 'location': {'name': 'gilbert, arizona, united states'}}, 'end_date': '2006', 'start_date': '2007', 'gpa': None, 'degrees': ['associates'], 'majors': ['nursing', 'computer science'], 'minors': [], 'summary': None}, {'school': {'name': 'city colleges of chicago - wilbur wright college', 'type': 'post-secondary institution', 'location': {'name': 'temple, texas, united states'}}, 'end_date': '2019', 'start_date': '2013', 'gpa': None, 'degrees': ['associates'], 'majors': ['engineering'], 'minors': [], 'summary': None}]","[{'network': 'linkedin', 'id': '100665196', 'url': 'linkedin.com/in/pablo-kozlov-1084', 'username': 'pablo-kozlov-1084'}]",[],"[{'name': 'english', 'proficiency': None}]","{'status': 'updated', 'contains': [], 'previous_version': '12.0', 'current_version': '13.0'}",,,,,,,,,,,,,,,,,,
ines castellan,ines,castellan,male,linkedin.com/in/ines-castellan-1085,ines-castellan-1085,100673115,,,,luxury goods & jewelry,associate attorney,field supervisor,['owner'],the-center-for-education-law,the center for education law,,201-500,,luxury goods & jewelry,,,,,,,,,,,,,2014-09,"sheffield, sheffield, united kingdom",sheffield,,sheffield,united kingdom,north america,,,283.0,"45,000-55,000",8.0,Associate Attorney at The Center For Education Law. 11 years across luxury goods & jewelry.,[],[],"['chess', 'music', 'hiking']","['foreign policy', 'government contracting', 'blogging', 'disaster response', 'consulting', 'cctv', 'marketing strategy', 'volunteer management', 'protection', 'facebook', 'sales']","['sheffield, sheffield, united kingdom']",['sheffield'],['united kingdom'],[],"[{'company': {'name': 'the center for education law', 'size': '11-50', 'industry': 'mechanical or industrial engineering', 'location': {'name': 'newark, new jersey, united states'}}, 'location_names': ['sheffield, sheffield, united kingdom'], 'end_date': None, 'start_date': '2021-05', 'title': {'name': 'associate attorney', 'role': 'legal', 'sub_role': None, 'levels': []}, 'is_primary': True, 'summary': None}, {'company': {'name': 'united nations', 'size': '1-10', 'industry': 'mental health care', 'location': {'name': 'elizabeth city, north carolina, united states'}}, 'location_names': ['sheffield, sheffield, united kingdom'], 'end_date': '2021-04', 'start_date': '2018-03', 'title': {'name': 'production supervisor', 'role': 'assistant director international programs', 'sub_role': None, 'levels': []}, 'is_primary': False, 'summary': None}]","[{'school': {'name': 'arkansas state university - beebe', 'type': 'post-secondary institution', 'location': {'name': 'green bay, wisconsin, united states'}}, 'end_date': '1992', 'start_date': '2015', 'gpa': None, 'degrees': ['bachelors'], 'majors': ['psychology', 'political science'], 'minors': [], 'summary': None}]","[{'network': 'linkedin', 'id': '100673115', 'url': 'linkedin.com/in/ines-castellan-1085', 'username': 'ines-castellan-1085'}]",[],"[{'name': 'english', 'proficiency': None}]","{'status': 'updated', 'contains': [], 'previous_version': '12.0', 'current_version': '13.0'}",,,,,,,,,,,,,,,,,,
hugo halvorsen,hugo,halvorsen,female,linkedin.com/in/hugo-halvorsen-1086,hugo-halvorsen-1086,100681034,,,,apparel & fashion,"program manager, project manager",project manager,[],metropolitan-center-for-women-and-children,metropolitan center for women and children,,1-10,,apparel & fashion,,,,,,,,,,,,,2014-09,"payne, ohio, united states",payne,,ohio,united states,north america,,,184.0,">250,000",16.0,"Program Manager, Project Manager at Metropolitan Center For Women And Children. 11 years across apparel & fashion.",[],[],[],"['strategic communications', 'adobe creative suite', 'supply chain', 'microsoft excel', 'social networking', 'team building', 'software documentation', 'windows', 'procurement', 'security clearance', 'team leadership', 'completion', 'operations', 'occupational health', 'education', 'business development', 'project estimation', 'customer relations', 'process scheduler', 'product development', 'construction', 'public speaking', 'government contracting', 'oil/gas', 'css', 'marketing']","['payne, ohio, united states']",['ohio'],['united states'],[],"[{'company': {'name': 'metropolitan center for women and children', 'size': '11-50', 'industry': 'oil & energy', 'location': {'name': 'wisconsin, united states'}}, 'location_names': ['payne, ohio, united states'], 'end_date': None, 'start_date': '2021-07', 'title': {'name': 'program manager, project manager', 'role': 'transportation operations manager', 'sub_role': None, 'levels': []}, 'is_primary': True, 'summary': None}, {'company': {'name': 'transformco', 'size': '11-50', 'industry': 'online media', 'location': {'name': 'gardner, kansas, united states'}}, 'location_names': ['payne, ohio, united states'], 'end_date': '2021-01', 'start_date': '2018-07', 'title': {'name': 'project manager level', 'role': 'city letter carrier and city carrier assistant', 'sub_role': None, 'levels': ['senior']}, 'is_primary': False, 'summary': None}, {'company': {'name': 'stillhouse sweeping', 'size': '1001-5000', 'industry': 'business development', 'location': {'name': 'kenosha, wisconsin, united states'}}, 'location_names': ['payne, ohio, united states'], 'end_date': '2018-01', 'start_date': '2015-02', 'title': {'name': 'marketing and advertising', 'role': 'network controller', 'sub_role': None, 'levels': ['partner']}, 'is_primary': False, 'summary': None}, {'company': {'name': 'new york', 'size': '1-10', 'industry': 'accounting', 'location': {'name': 'stevens point, wisconsin, united states'}}, 'location_names': ['payne, ohio, united states'], 'end_date': '2015-01', 'start_date': '2012-01', 'title': {'name': 'data analyst', 'role': 'operations', 'sub_role': None, 'levels': []}, 'is_primary': False, 'summary': None}]","[{'school': {'name': 'gadsden state community college', 'type': 'post-secondary institution', 'location': {'name': 'smithville, texas, united states'}}, 'end_date': '2015', 'start_date': '2014', 'gpa': None, 'degrees': ['bachelors'], 'majors': ['business administration'], 'minors': [], 'summary': None}, {'school': {'name': 'georgetown university', 'type': 'post-secondary institution', 'location': {'name': 'kenosha, wisconsin, united states'}}, 'end_date': '1991', 'start_date': '2001', 'gpa': None, 'degrees': ['masters', 'bachelors'], 'majors': ['engineering'], 'minors': [], 'summary': None}]","[{'network': 'linkedin', 'id': '100681034', 'url': 'linkedin.com/in/hugo-halvorsen-1086', 'username': 'hugo-halvorsen-1086'}]",[],"[{'name': 'english', 'proficiency': None}]","{'status': 'updated', 'contains': [], 'previous_version': '12.0', 'current_version': '13.0'}",,,,,,,,,,,,,,,,,,
mira santoro,mira,santoro,male,linkedin.com/in/mira-santoro-1087,mira-santoro-1087,100688953,,,,defense & space,senior analyst,property and consumable controller,['vp'],o-melveny-myers-llp,o'melveny & myers llp,,51-200,,defense & space,,,,,,,,,,,,,2022-08,iraq,iraq,,,iraq,north america,,,2898.0,"85,000-100,000",29.0,Senior Analyst at O'Melveny & Myers Llp. 3 years across defense & space.,[],[],"['travel', 'hiking', 'photography', 'cycling']","['training', 'american', 'navy', 'business process', 'data analysis', 'computer maintenance', 'onshore', 'helicopters', 'business services', 'avionics', 'broadcast', 'engineering management', 'yahoo', 'project management']",['iraq'],[],['iraq'],[],"[{'company': {'name': 'o\'melveny & myers llp', 'size': '1001-5000', 'industry': 'hospitality', 'location': {'name': 'مخرج ومنفذ مؤثرات خاصه'}}, 'location_names': ['iraq'], 'end_date': None, 'start_date': '2021-03', 'title': {'name': 'senior analyst', 'role': 'legal', 'sub_role': None, 'levels': []}, 'is_primary': True, 'summary': None}]","[{'school': {'name': 'broward community college', 'type': 'post-secondary institution', 'location': {'name': 'overland park, kansas, united states'}}, 'end_date': '1994', 'start_date': '2005', 'gpa': None, 'degrees': ['associates'], 'majors': ['business administration'], 'minors': [], 'summary': None}]","[{'network': 'linkedin', 'id': '100688953', 'url': 'linkedin.com/in/mira-santoro-1087', 'username': 'mira-santoro-1087'}]",[],"[{'name': 'english', 'proficiency': None}]","{'status': 'updated', 'contains': [], 'previous_version': '12.0', 'current_version': '13.0'}",,,,,,,,,,,,,,,,,,
luca baptiste,luca,baptiste,male,linkedin.com/in/luca-baptiste-1088,luca-baptiste-1088,100696872,,,,design,business development,resident agent in charge,['vp'],columbia-college,columbia college,,11-50,,design,,,,,,,,,,,,,2013-01,"vienna, virginia, united states",vienna,,virginia,united states,north america,,,552.0,"55,000-70,000",22.0,Business Development at Columbia College. 13 years across design.,[],[],[],"['team management', 'iraq', 'electrical troubleshooting', 'public safety', 'business development', 'microsoft office', 'courts']","['vienna, virginia, united states']",['virginia'],['united states'],[],"[{'company': {'name': 'columbia college', 'size': '11-50', 'industry': 'hospital & health care', 'location': {'name': 'white salmon, washington, united states'}}, 'location_names': ['vienna, virginia, united states'], 'end_date': None, 'start_date': '2021-07', 'title': {'name': 'business development', 'role': 'legal', 'sub_role': None, 'levels': []}, 'is_primary': True, 'summary': None}]","[{'school': {'name': 'buckinghamshire new university', 'type': 'post-secondary institution', 'location': {'name': 'fairview, oregon, united states'}}, 'end_date': '1996', 'start_date': '2001', 'gpa': None, 'degrees': ['masters', 'doctorates'], 'majors': ['psychology'], 'minors': [], 'summary': None}, {'school': {'name': 'academy of learning college', 'type': 'post-secondary institution', 'location': {'name': 'wilmington, delaware, united states'}}, 'end_date': '2008', 'start_date': '1991', 'gpa': None, 'degrees': ['bachelor of science', 'associates'], 'majors': ['nursing'], 'minors': [], 'summary': None}]","[{'network': 'linkedin', 'id': '100696872', 'url': 'linkedin.com/in/luca-baptiste-1088', 'username': 'luca-baptiste-1088'}]",[],"[{'name': 'english', 'proficiency': None}]","{'status': 'updated', 'contains': [], 'previous_version': '12.0', 'current_version': '13.0'}",,,,,,,,,,,,,,,,,,
tara novak,tara,novak,female,linkedin.com/in/tara-novak-1089,tara-novak-1089,100704791,,,,political organization,business development,state strategic planner,[],j-e-garmon-consulting,j.e garmon consulting,,51-200,,political organization,,,,,,,,,,,,,2022-09,"alexandria, virginia, united states",alexandria,,virginia,united states,north america,,,1500.0,"100,000-150,000",28.0,Business Development at J.E Garmon Consulting. 13 years across political organization.,[],[],"['photography', 'music', 'history', 'chess']","['quality assurance', 'supply chain management', 'inspection', 'content strategy', 'outlook', 'retail', 'personal security', 'adobe creative suite', 'onshore', 'spanish', 'manufacturing', 'critical thinking', 'criminal justice', 'multimedia', 'c#', 'business process improvement', 'project planning', 'accounting', 'employee relations', 'social media marketing', 'emergency medicine', 'u.s. department of defense', 'commissioning', 'interrogation', 'military liaison', 'political science', 'policy analysis', 'military logistics']","['alexandria, virginia, united states']",['virginia'],['united states'],[],"[{'company': {'name': 'j.e garmon consulting', 'size': '201-500', 'industry': 'food & beverages', 'location': {'name': 'suffolk, virginia, united states'}}, 'location_names': ['alexandria, virginia, united states'], 'end_date': None, 'start_date': '2021-04', 'title': {'name': 'business development', 'role': 'assistant director international programs', 'sub_role': None, 'levels': ['partner']}, 'is_primary': True, 'summary': None}, {'company': {'name': 'information innovators inc. (triple-i)', 'size': '51-200', 'industry': 'law enforcement', 'location': {'name': 'fletcher, oklahoma, united states'}}, 'location_names': ['alexandria, virginia, united states'], 'end_date': '2021-09', 'start_date': '2018-07', 'title': {'name': 'senior information technology manager', 'role': 'project manager', 'sub_role': None, 'levels': ['senior']}, 'is_primary': False, 'summary': None}, {'company': {'name': 'the ucan company', 'size': '1-10', 'industry': 'media', 'location': {'name': 'atlanta, georgia, united states'}}, 'location_names': ['alexandria, virginia, united states'], 'end_date': '2018-05', 'start_date': '2015-02', 'title': {'name': 'legislative analyst office of the assistant secretary for legislation', 'role': 'network controller', 'sub_role': None, 'levels': ['senior']}, 'is_primary': False, 'summary': None}, {'company': {'name': 'national park service', 'size': '11-50', 'industry': 'leisure, travel & tourism', 'location': {'name': 'falls church, virginia, united states'}}, 'location_names': ['alexandria, virginia, united states'], 'end_date': '2015-02', 'start_date': '2012-05', 'title': {'name': 'managing director', 'role': 'retail sales associate', 'sub_role': None, 'levels': []}, 'is_primary': False, 'summary': None}]","[{'school': {'name': 'hocking college', 'type': 'post-secondary institution', 'location': {'name': 'centreville, virginia, united states'}}, 'end_date': '2013', 'start_date': '1994', 'gpa': None, 'degrees': ['bachelors'], 'majors': ['engineering'], 'minors': [], 'summary': None}, {'school': {'name': 'greensburg - salem high school', 'type': 'post-secondary institution', 'location': {'name': 'jacksonville, florida, united states'}}, 'end_date': '2000', 'start_date': '2016', 'gpa': None, 'degrees': ['bachelors', 'bachelor of science'], 'majors': ['political science'], 'minors': [], 'summary': None}]","[{'network': 'linkedin', 'id': '100704791', 'url': 'linkedin.com/in/tara-novak-1089', 'username': 'tara-novak-1089'}]",[],"[{'name': 'english', 'proficiency': None}]","{'status': 'updated', 'contains': [], 'previous_version': '12.0', 'current_version': '13.0'}",,,,,,,,,,,,,,,,,,
ines koval,ines,koval,,linkedin.com/in/ines-koval-1090,ines-koval-1090,100712710,,,,hospitality,legislative assistant,legal,['manager'],the-ucan-company,the ucan company,,11-50,,hospitality,,,,,,,,,,,,,2019-03,"anchorage, alaska, united states",anchorage,,alaska,united states,north america,,,2885.0,">250,000",28.0,Legislative Assistant at The Ucan Company. 3 years across hospitality.,[],[],['chess'],"['cell', 'higher education', 'top secret', 'business planning', 'marketing', 'crisis communications', 'personal protection', 'change management', 'inventory management', 'auditing', 'social media', 'spanish', 'cold calling', 'financial analysis', 'scheduling', 'construction', 'government']","['anchorage, alaska, united states']",['alaska'],['united states'],[],"[{'company': {'name': 'the ucan company', 'size': '1-10', 'industry': 'internet', 'location': {'name': 'مخرج ومنفذ مؤثرات خاصه'}}, 'location_names': ['anchorage, alaska, united states'], 'end_date': None, 'start_date': '2021-09', 'title': {'name': 'legislative assistant', 'role': '2020-12-01', 'sub_role': None, 'levels': []}, 'is_primary': True, 'summary': None}, {'company': {'name': 'artemis studios', 'size': '1-10', 'industry': 'online media', 'location': {'name': 'jacksonville, florida, united states'}}, 'location_names': ['anchorage, alaska, united states'], 'end_date': '2021-03', 'start_date': '2018-04', 'title': {'name': 'system administrator', 'role': 'operations', 'sub_role': None, 'levels': []}, 'is_primary': False, 'summary': None}]","[{'school': {'name': 'dixon high school', 'type': 'post-secondary institution', 'location': {'name': 'overland park, kansas, united states'}}, 'end_date': '1994', 'start_date': '2001', 'gpa': None, 'degrees': ['doctorates'], 'majors': ['business administration', 'psychology'], 'minors': [], 'summary': None}]","[{'network': 'linkedin', 'id': '100712710', 'url': 'linkedin.com/in/ines-koval-1090', 'username': 'ines-koval-1090'}]",[],"[{'name': 'english', 'proficiency': None}]","{'status': 'updated', 'contains': [], 'previous_version': '12.0', 'current_version': '13.0'}",,,,,,,,,,,,,,,,,,
yusuf haddad,yusuf,haddad,female,linkedin.com/in/yusuf-haddad-1091,yusuf-haddad-1091,100720629,,,,government administration,biotechnology,essential services broker,['vp'],florida-atlantic-university,florida atlantic university,,1001-5000,,government administration,,,,,,,,,,,,,2023-09,"wilmington, delaware, united states",wilmington,,delaware,united states,north america,,,892.0,"45,000-55,000",4.0,Biotechnology at Florida Atlantic University. 18 years across government administration.,[],[],"['chess', 'history']","['interviews', 'lean manufacturing', 'engineering', 'sigint', 'electronic warfare', 'computer security', 'military', 'security clearance', 'military aviation', 'banking', 'firearms', 'intelligence analysis', 'strategic communications', 'continuous improvement', 'first aid', 'supply chain management', 'broadcast journalism', 'storytelling', 'electronics', 'system', 'crisis management', 'feature articles', 'materials']","['wilmington, delaware, united states']",['delaware'],['united states'],[],"[{'company': {'name': 'florida atlantic university', 'size': '201-500', 'industry': 'hospital & health care', 'location': {'name': 'college station, texas, united states'}}, 'location_names': ['wilmington, delaware, united states'], 'end_date': None, 'start_date': '2021-04', 'title': {'name': 'biotechnology', 'role': 'field supervisor', 'sub_role': None, 'levels': []}, 'is_primary': True, 'summary': None}]","[{'school': {'name': 'college of the mainland', 'type': 'post-secondary institution', 'location': {'name': 'mustang, oklahoma, united states'}}, 'end_date': '2017', 'start_date': '2000', 'gpa': None, 'degrees': ['doctorates'], 'majors': ['psychology', 'nursing'], 'minors': [], 'summary': None}, {'school': {'name': 'columbia university in the city of new york', 'type': 'post-secondary institution', 'location': {'name': 'bethesda, maryland, united states'}}, 'end_date': '1997', 'start_date': '1996', 'gpa': None, 'degrees': ['masters', 'master of business administration'], 'majors': ['computer science'], 'minors': [], 'summary': None}]","[{'network': 'linkedin', 'id': '100720629', 'url': 'linkedin.com/in/yusuf-haddad-1091', 'username': 'yusuf-haddad-1091'}]",[],"[{'name': 'english', 'proficiency': None}]","{'status': 'updated', 'contains': [], 'previous_version': '12.0', 'current_version': '13.0'}",,,,,,,,,,,,,,,,,,
noor mwangi,noor,mwangi,,linkedin.com/in/noor-mwangi-1092,noor-mwangi-1092,100728548,,,,business development,adjunct professor,automotive technician,[],quality-back-office,quality back office,,1001-5000,,business development,,,,,,,,,,,,,2012-07,"portland, oregon, united states",portland,,oregon,united states,north america,,,1520.0,"100,000-150,000",28.0,Adjunct Professor at Quality Back Office. 5 years across business development.,[],[],"['hiking', 'cycling', 'photography']","['process scheduler', 'video', 'offshore drilling', 'marksmanship', 'photoshop', 'gas', 'writing', 'broadband', 'publicity', 'testing', 'policy analysis', 'special operations', 'counterintelligence', 'materials management', 'contract negotiation', 'national security', 'combat', 'international logistics', 'organizational leadership', 'program evaluation', 'patient safety', 'applicant tracking systems', 'upstream', 'piping']","['portland, oregon, united states']",['oregon'],['united states'],[],"[{'company': {'name': 'quality back office', 'size': '51-200', 'industry': 'libraries', 'location': {'name': 'vienna, virginia, united states'}}, 'location_names': ['portland, oregon, united states'], 'end_date': None, 'start_date': '2021-06', 'title': {'name': 'adjunct professor', 'role': 'marketing', 'sub_role': None, 'levels': []}, 'is_primary': True, 'summary': None}, {'company': {'name': 'mustang public schools', 'size': '201-500', 'industry': 'government relations', 'location': {'name': 'wisconsin, united states'}}, 'location_names': ['portland, oregon, united states'], 'end_date': '2021-03', 'start_date': '2018-05', 'title': {'name': 'founder | director operations management security', 'role': 'automotive technician', 'sub_role': None, 'levels': []}, 'is_primary': False, 'summary': None}, {'company': {'name': 'state of vermont', 'size': '11-50', 'industry': 'internet', 'location': {'name': 'green bay, wisconsin, united states'}}, 'location_names': ['portland, oregon, united states'], 'end_date': '2018-08', 'start_date': '2015-08', 'title': {'name': 'human resources specialist', 'role': 'media', 'sub_role': None, 'levels': []}, 'is_primary': False, 'summary': None}, {'company': {'name': 'chenega corporation', 'size': '11-50', 'industry': 'information technology and services', 'location': {'name': 'asheville, north carolina, united states'}}, 'location_names': ['portland, oregon, united states'], 'end_date': '2015-07', 'start_date': '2012-01', 'title': {'name': 'marketing and advertising', 'role': 'resident agent in charge', 'sub_role': None, 'levels': []}, 'is_primary': False, 'summary': None}]","[{'school': {'name': 'champlain college', 'type': 'post-secondary institution', 'location': {'name': 'south jacksonville, florida, united states'}}, 'end_date': '2014', 'start_date': '2003', 'gpa': None, 'degrees': ['bachelor of science', 'bachelors'], 'majors': ['political science', 'business administration'], 'minors': [], 'summary': None}]","[{'network': 'linkedin', 'id': '100728548', 'url': 'linkedin.com/in/noor-mwangi-1092', 'username': 'noor-mwangi-1092'}]",[],"[{'name': 'english', 'proficiency': None}]","{'status': 'updated', 'contains': [], 'previous_version': '12.0', 'current_version': '13.0'}",,,,,,,,,,,,,,,,,,
tara iversen,tara,iversen,male,linkedin.com/in/tara-iversen-1093,tara-iversen-1093,100736467,,,,primary/secondary education,systems administrator managed services,engineering,[],reallab,reallab,,1-10,,primary/secondary education,,,,,,,,,,,,,2022-06,"wisconsin, united states",wisconsin,,,united states,north america,,,1348.0,"70,000-85,000",16.0,Systems Administrator Managed Services at Reallab. 8 years across primary/secondary education.,[],[],"['chess', 'history']","['business services', 'negotiation', 'start ups', 'team building', 'human resources', 'proposal writing', 'budgets', 'teamwork', 'drilling', 'public speaking', 'problem solving', 'autocad', 'business analysis', 'politics', 'transportation', 'system', 'exercises', 'cabling', 'social media', 'marksmanship', 'newspapers', 'video production', 'administration', 'foreign policy', 'customer retention', 'curriculum design', 'government contracting']","['wisconsin, united states']",[],['united states'],[],"[{'company': {'name': 'reallab', 'size': '11-50', 'industry': 'public relations and communications', 'location': {'name': 'liberty hill, texas, united states'}}, 'location_names': ['wisconsin, united states'], 'end_date': None, 'start_date': '2021-06', 'title': {'name': 'systems administrator managed services', 'role': 'education', 'sub_role': None, 'levels': []}, 'is_primary': True, 'summary': None}, {'company': {'name': 'ambulnz', 'size': '1-10', 'industry': 'libraries', 'location': {'name': 'lorton, virginia, united states'}}, 'location_names': ['wisconsin, united states'], 'end_date': '2021-07', 'start_date': '2018-03', 'title': {'name': 'far part 21 and 145 quality inspector', 'role': 'media', 'sub_role': None, 'levels': ['owner']}, 'is_primary': False, 'summary': None}]","[{'school': {'name': 'jones international university', 'type': 'post-secondary institution', 'location': {'name': 'pittston, maine, united states'}}, 'end_date': '1999', 'start_date': '2009', 'gpa': None, 'degrees': ['master of business administration', 'masters'], 'majors': ['business administration'], 'minors': [], 'summary': None}]","[{'network': 'linkedin', 'id': '100736467', 'url': 'linkedin.com/in/tara-iversen-1093', 'username': 'tara-iversen-1093'}]",[],"[{'name': 'english', 'proficiency': None}]","{'status': 'updated', 'contains': [], 'previous_version': '12.0', 'current_version': '13.0'}",,,,,,,,,,,,,,,,,,
freya soltani,freya,soltani,,linkedin.com/in/freya-soltani-1094,freya-soltani-1094,100744386,,,,law enforcement,freelance editor,operations,[],the-university-of-kansas,the university of kansas,,11-50,,law enforcement,,,,,,,,,,,,,2022-03,"columbia, south carolina, united states",columbia,,south carolina,united states,north america,,,1746.0,"45,000-55,000",22.0,Freelance Editor at The University Of Kansas. 4 years across law enforcement.,[],[],[],"['homeland security', 'supervision', 'strategic communications', 'contractors', 'cad', 'international relations', 'electronics', 'conflict resolution', 'operational planning', 'coaching', 'exercises', 'higher education', 'customer relations', 'payroll']","['columbia, south carolina, united states']",['south carolina'],['united states'],[],"[{'company': {'name': 'the university of kansas', 'size': '201-500', 'industry': 'civic & social organization', 'location': {'name': 'wisconsin, united states'}}, 'location_names': ['columbia, south carolina, united states'], 'end_date': None, 'start_date': '2021-03', 'title': {'name': 'freelance editor', 'role': 'network controller', 'sub_role': None, 'levels': []}, 'is_primary': True, 'summary': None}]","[{'school': {'name': 'elliott school of international affairs', 'type': 'post-secondary institution', 'location': {'name': 'iraq'}}, 'end_date': '1992', 'start_date': '1988', 'gpa': None, 'degrees': ['associates'], 'majors': ['computer science'], 'minors': [], 'summary': None}]","[{'network': 'linkedin', 'id': '100744386', 'url': 'linkedin.com/in/freya-soltani-1094', 'username': 'freya-soltani-1094'}]",[],"[{'name': 'english', 'proficiency': None}]","{'status': 'updated', 'contains': [], 'previous_version': '12.0', 'current_version': '13.0'}",,,,,,,,,,,,,,,,,,
hugo pereira,hugo,pereira,female,linkedin.com/in/hugo-pereira-1095,hugo-pereira-1095,100752305,,,,"health, wellness and fitness",fire operations,engineering,[],iqvia,iqvia,,11-50,,"health, wellness and fitness",,,,,,,,,,,,,2016-01,"kansas city, missouri, united states",kansas city,,missouri,united states,north america,,,2694.0,"85,000-100,000",30.0,"Fire Operations at Iqvia. 8 years across health, wellness and fitness.",[],[],"['chess', 'hiking']","['military training', 'new media', 'information security', 'military aviation', 'weapons handling', 'html', 'top secret', 'volunteer management', 'counterinsurgency', 'photography', 'supply chain management', 'coordination', 'aircraft', 'program management', 'recruiting']","['kansas city, missouri, united states']",['missouri'],['united states'],[],"[{'company': {'name': 'iqvia', 'size': '201-500', 'industry': 'engineering', 'location': {'name': 'fort worth, texas, united states'}}, 'location_names': ['kansas city, missouri, united states'], 'end_date': None, 'start_date': '2021-03', 'title': {'name': 'fire operations', 'role': 'engineering', 'sub_role': None, 'levels': []}, 'is_primary': True, 'summary': None}]","[{'school': {'name': 'binghamton university', 'type': 'post-secondary institution', 'location': {'name': 'glenview, illinois, united states'}}, 'end_date': '2012', 'start_date': '2006', 'gpa': None, 'degrees': ['bachelor of science', 'master of business administration'], 'majors': ['business administration', 'nursing'], 'minors': [], 'summary': None}]","[{'network': 'linkedin', 'id': '100752305', 'url': 'linkedin.com/in/hugo-pereira-1095', 'username': 'hugo-pereira-1095'}]",[],"[{'name': 'english', 'proficiency': None}]","{'status': 'updated', 'contains': [], 'previous_version': '12.0', 'current_version': '13.0'}",,,,,,,,,,,,,,,,,,
dario koval,dario,koval,,linkedin.com/in/dario-koval-1096,dario-koval-1096,100760224,,,,commercial real estate,assistant director,human_resources,[],international-education-counselling-centre-iecc-,international education counselling centre (iecc),,11-50,,commercial real estate,,,,,,,,,,,,,2016-04,"frisco, texas, united states",frisco,,texas,united states,north america,,,1748.0,"100,000-150,000",17.0,Assistant Director at International Education Counselling Centre (Iecc). 14 years across commercial real estate.,[],[],"['history', 'music', 'chess', 'cycling']","['lean manufacturing', 'police', 'government', 'english', 'contingency planning', 'newspapers', 'program management', 'continuous improvement', 'real estate', 'oil and gas industry', 'american', 'cold calling', 'start ups', 'command and control', 'education', 'event planning', 'active directory', 'risk management', 'dod', 'policy analysis', 'subsea engineering']","['frisco, texas, united states']",['texas'],['united states'],[],"[{'company': {'name': 'international education counselling centre (iecc)', 'size': '1001-5000', 'industry': 'finance', 'location': {'name': 'great falls, montana, united states'}}, 'location_names': ['frisco, texas, united states'], 'end_date': None, 'start_date': '2021-05', 'title': {'name': 'assistant director', 'role': 'human_resources', 'sub_role': None, 'levels': []}, 'is_primary': True, 'summary': None}, {'company': {'name': 'j.e garmon consulting', 'size': '1001-5000', 'industry': 'financial services', 'location': {'name': 'springfield, tennessee, united states'}}, 'location_names': ['frisco, texas, united states'], 'end_date': '2021-02', 'start_date': '2018-08', 'title': {'name': 'cost engineer at phillips-medisize', 'role': 'resident agent in charge', 'sub_role': None, 'levels': []}, 'is_primary': False, 'summary': None}, {'company': {'name': 'cybera', 'size': '11-50', 'industry': 'food production', 'location': {'name': 'green bay, wisconsin, united states'}}, 'location_names': ['frisco, texas, united states'], 'end_date': '2018-08', 'start_date': '2015-05', 'title': {'name': 'recruiting manager', 'role': 'project manager', 'sub_role': None, 'levels': []}, 'is_primary': False, 'summary': None}]","[{'school': {'name': 'air command and staff college', 'type': 'post-secondary institution', 'location': {'name': 'new york, new york, united states'}}, 'end_date': '2018', 'start_date': '2004', 'gpa': None, 'degrees': ['bachelors', 'doctorates'], 'majors': ['engineering', 'computer science'], 'minors': [], 'summary': None}, {'school': {'name': 'fair lawn high school', 'type': 'post-secondary institution', 'location': {'name': 'newburgh, indiana, united states'}}, 'end_date': '2004', 'start_date': '1992', 'gpa': None, 'degrees': ['master of business administration'], 'majors': ['psychology', 'engineering'], 'minors': [], 'summary': None}]","[{'network': 'linkedin', 'id': '100760224', 'url': 'linkedin.com/in/dario-koval-1096', 'username': 'dario-koval-1096'}]",[],"[{'name': 'english', 'proficiency': None}]","{'status': 'updated', 'contains': [], 'previous_version': '12.0', 'current_version': '13.0'}",,,,,,,,,,,,,,,,,,
nina abiola,nina,abiola,male,linkedin.com/in/nina-abiola-1097,nina-abiola-1097,100768143,,,,business development,asset manager,assistant director international programs,[],pwc,pwc,,1-10,,business development,,,,,,,,,,,,,2019-06,"san jacinto, california, united states",san jacinto,,california,united states,north america,,,1916.0,"45,000-55,000",11.0,Asset Manager at Pwc. 4 years across business development.,[],[],['travel'],"['public speaking', 'data entry', 'content strategy', 'gas', 'adobe creative suite', 'student affairs', 'leadership development', 'finance', 'iraq', 'management', 'marine corps', 'c4isr', 'surveillance', 'law enforcement', 'excel', 'transportation planning', 'critical thinking', 'wireless', 'field service', 'hazardous materials', 'cold calling', 'helicopters']","['san jacinto, california, united states']",['california'],['united states'],[],"[{'company': {'name': 'pwc', 'size': '1-10', 'industry': 'apparel & fashion', 'location': {'name': 'chattanooga, tennessee, united states'}}, 'location_names': ['san jacinto, california, united states'], 'end_date': None, 'start_date': '2021-08', 'title': {'name': 'asset manager', 'role': 'engineering', 'sub_role': None, 'levels': []}, 'is_primary': True, 'summary': None}, {'company': {'name': 'dyncorp international', 'size': '1-10', 'industry': 'hospitality', 'location': {'name': 'tustin, california, united states'}}, 'location_names': ['san jacinto, california, united states'], 'end_date': '2021-05', 'start_date': '2018-03', 'title': {'name': 'clinical site manager ii', 'role': 'education', 'sub_role': None, 'levels': []}, 'is_primary': False, 'summary': None}, {'company': {'name': 'portland police bureau', 'size': '201-500', 'industry': 'commercial real estate', 'location': {'name': 'gardner, kansas, united states'}}, 'location_names': ['san jacinto, california, united states'], 'end_date': '2018-05', 'start_date': '2015-01', 'title': {'name': 'data analyst', 'role': 'transportation operations manager', 'sub_role': None, 'levels': ['vp']}, 'is_primary': False, 'summary': None}]","[{'school': {'name': 'dixon high school', 'type': 'post-secondary institution', 'location': {'name': 'rochester, new york, united states'}}, 'end_date': '2017', 'start_date': '1999', 'gpa': None, 'degrees': ['master of business administration', 'bachelors'], 'majors': ['engineering', 'psychology'], 'minors': [], 'summary': None}]","[{'network': 'linkedin', 'id': '100768143', 'url': 'linkedin.com/in/nina-abiola-1097', 'username': 'nina-abiola-1097'}]",[],"[{'name': 'english', 'proficiency': None}]","{'status': 'updated', 'contains': [], 'previous_version': '12.0', 'current_version': '13.0'}",,,,,,,,,,,,,,,,,,
hugo kaminski,hugo,kaminski,female,linkedin.com/in/hugo-kaminski-1098,hugo-kaminski-1098,100776062,,,,legislative office,business broker,media,[],concord,concord,,201-500,,legislative office,,,,,,,,,,,,,2013-06,"charlotte, north carolina, united states",charlotte,,north carolina,united states,north america,,,1531.0,"100,000-150,000",10.0,Business Broker at Concord. 20 years across legislative office.,[],[],['chess'],"['engineering', 'security management', 'fundraising', 'news writing', 'copywriting', 'microsoft word', 'telecommunications', 'top secret', 'windows 7', 'politics']","['charlotte, north carolina, united states']",['north carolina'],['united states'],[],"[{'company': {'name': 'concord', 'size': '1-10', 'industry': 'electrical/electronic manufacturing', 'location': {'name': 'falls church, virginia, united states'}}, 'location_names': ['charlotte, north carolina, united states'], 'end_date': None, 'start_date': '2021-06', 'title': {'name': 'business broker', 'role': 'resident agent in charge', 'sub_role': None, 'levels': ['manager']}, 'is_primary': True, 'summary': None}, {'company': {'name': 'department of veterans affairs', 'size': '11-50', 'industry': 'hospital & health care', 'location': {'name': 'mineola, new york, united states'}}, 'location_names': ['charlotte, north carolina, united states'], 'end_date': '2021-04', 'start_date': '2018-07', 'title': {'name': 'financial advisor', 'role': 'engineering', 'sub_role': None, 'levels': []}, 'is_primary': False, 'summary': None}, {'company': {'name': 'cna', 'size': '51-200', 'industry': 'government administration', 'location': {'name': 'farmingdale, new jersey, united states'}}, 'location_names': ['charlotte, north carolina, united states'], 'end_date': '2018-02', 'start_date': '2015-04', 'title': {'name': 'financial planner', 'role': 'property and consumable controller', 'sub_role': None, 'levels': []}, 'is_primary': False, 'summary': None}]","[{'school': {'name': 'grover cleveland high school (queens)', 'type': 'post-secondary institution', 'location': {'name': 'temple, texas, united states'}}, 'end_date': '2014', 'start_date': '2012', 'gpa': None, 'degrees': ['bachelors', 'masters'], 'majors': ['computer science', 'business administration'], 'minors': [], 'summary': None}]","[{'network': 'linkedin', 'id': '100776062', 'url': 'linkedin.com/in/hugo-kaminski-1098', 'username': 'hugo-kaminski-1098'}]",[],"[{'name': 'english', 'proficiency': None}]","{'status': 'updated', 'contains': [], 'previous_version': '12.0', 'current_version': '13.0'}",,,,,,,,,,,,,,,,,,
leila okoro,leila,okoro,male,linkedin.com/in/leila-okoro-1099,leila-okoro-1099,100783981,,,,"health, wellness and fitness",assistant process engineer,business owner,[],instrumental-music-company,instrumental music company,,11-50,,"health, wellness and fitness",,,,,,,,,,,,,2018-04,"smithville, texas, united states",smithville,,texas,united states,north america,,,575.0,"70,000-85,000",18.0,"Assistant Process Engineer at Instrumental Music Company. 7 years across health, wellness and fitness.",[],[],"['music', 'travel', 'cycling', 'history']","['gas', 'asset management', 'property', 'switches', 'emergency management', 'physical security', 'transportation planning', 'change management', 'electronic warfare', 'access control', 'account management', 'customer relationship management', 'newsletters', 'business process improvement', 'budgets', 'capacity building']","['smithville, texas, united states']",['texas'],['united states'],[],"[{'company': {'name': 'instrumental music company', 'size': '11-50', 'industry': 'civil engineering', 'location': {'name': 'arlington, virginia, united states'}}, 'location_names': ['smithville, texas, united states'], 'end_date': None, 'start_date': '2021-08', 'title': {'name': 'assistant process engineer', 'role': '2020-12-01', 'sub_role': None, 'levels': []}, 'is_primary': True, 'summary': None}, {'company': {'name': 'national vendor', 'size': '201-500', 'industry': 'mechanical or industrial engineering', 'location': {'name': 'overland park, kansas, united states'}}, 'location_names': ['smithville, texas, united states'], 'end_date': '2021-04', 'start_date': '2018-01', 'title': {'name': 'armed federal security', 'role': 'research associate professor and adjunct professor of biology', 'sub_role': None, 'levels': []}, 'is_primary': False, 'summary': None}]","[{'school': {'name': 'breaux bridge senior high school', 'type': 'post-secondary institution', 'location': {'name': 'redding, california, united states'}}, 'end_date': '1998', 'start_date': '1994', 'gpa': None, 'degrees': ['associates', 'master of business administration'], 'majors': ['business administration'], 'minors': [], 'summary': None}]","[{'network': 'linkedin', 'id': '100783981', 'url': 'linkedin.com/in/leila-okoro-1099', 'username': 'leila-okoro-1099'}]",[],"[{'name': 'english', 'proficiency': None}]","{'status': 'updated', 'contains': [], 'previous_version': '12.0', 'current_version': '13.0'}",,,,,,,,,,,,,,,,,,
lena schreiber,lena,schreiber,male,linkedin.com/in/lena-schreiber-1100,lena-schreiber-1100,100791900,,,,international affairs,logistics supervisor,transportation operations manager,[],sacramento-area-leaders-in-operations-management-sustainment,sacramento area leaders in operations & management sustainment,,11-50,,international affairs,,,,,,,,,,,,,2015-03,"frisco, texas, united states",frisco,,texas,united states,north america,,,150.0,"100,000-150,000",5.0,Logistics Supervisor at Sacramento Area Leaders In Operations & Management Sustainment. 8 years across international affairs.,[],[],['music'],"['pipelines', 'government', 'readiness', 'oil and gas industry', 'social services', 'facebook', 'engineering management', 'international logistics', 'commissioning', 'crisis intervention', 'engineering', 'payroll', 'french', 'social media marketing', 'supervisory skills', 'personal protection', 'legal research', 'sharepoint', 'system administration', 'english', 'newspapers', 'top secret', 'subsea engineering', 'airborne']","['frisco, texas, united states']",['texas'],['united states'],[],"[{'company': {'name': 'sacramento area leaders in operations & management sustainment', 'size': '1-10', 'industry': 'political organization', 'location': {'name': 'centreville, virginia, united states'}}, 'location_names': ['frisco, texas, united states'], 'end_date': None, 'start_date': '2021-02', 'title': {'name': 'logistics supervisor', 'role': 'business owner', 'sub_role': None, 'levels': []}, 'is_primary': True, 'summary': None}, {'company': {'name': 'austin defense logistics', 'size': '1001-5000', 'industry': 'human resources', 'location': {'name': 'tustin, california, united states'}}, 'location_names': ['frisco, texas, united states'], 'end_date': '2021-09', 'start_date': '2018-09', 'title': {'name': 'contract specialist', 'role': 'vp; relationship manager, specialized cash management', 'sub_role': None, 'levels': ['entry']}, 'is_primary': False, 'summary': None}, {'company': {'name': 'research innovations incorporated', 'size': '201-500', 'industry': 'food production', 'location': {'name': 'houston, texas, united states'}}, 'location_names': ['frisco, texas, united states'], 'end_date': '2018-04', 'start_date': '2015-03', 'title': {'name': 'hardware specialist 1', 'role': 'business owner', 'sub_role': None, 'levels': []}, 'is_primary': False, 'summary': None}]","[{'school': {'name': 'caesar rodney senior high', 'type': 'post-secondary institution', 'location': {'name': 'port orange, florida, united states'}}, 'end_date': '2009', 'start_date': '1987', 'gpa': None, 'degrees': ['associates', 'bachelors'], 'majors': ['nursing'], 'minors': [], 'summary': None}]","[{'network': 'linkedin', 'id': '100791900', 'url': 'linkedin.com/in/lena-schreiber-1100', 'username': 'lena-schreiber-1100'}]",[],"[{'name': 'english', 'proficiency': None}]","{'status': 'updated', 'contains': [], 'previous_version': '12.0', 'current_version': '13.0'}",,,,,,,,,,,,,,,,,,
anton petrov,anton,petrov,female,linkedin.com/in/anton-petrov-1101,anton-petrov-1101,100799819,,,,government relations,assistant director,assistant director international programs,['partner'],northrop-grumman-corporation,northrop grumman corporation,,201-500,,government relations,,,,,,,,,,,,,2021-03,"anchorage, alaska, united states",anchorage,,alaska,united states,north america,,,3155.0,"55,000-70,000",28.0,Assistant Director at Northrop Grumman Corporation. 18 years across government relations.,[],[],"['history', 'cycling']","['airborne', 'team building', 'weapons handling', 'problem solving', 'spss', 'servers', 'field service', 'project management', 'purchasing', 'engineering management', 'magazines', 'autocad', 'hardware', 'sharepoint', 'financial reporting', 'testing', 'telecommunications', 'safety management systems', 'occupational health', 'surveillance', 'program development', 'weapons', 'transportation', 'aerospace', 'retail']","['anchorage, alaska, united states']",['alaska'],['united states'],[],"[{'company': {'name': 'northrop grumman corporation', 'size': '1-10', 'industry': 'human resources', 'location': {'name': 'smithville, texas, united states'}}, 'location_names': ['anchorage, alaska, united states'], 'end_date': None, 'start_date': '2021-01', 'title': {'name': 'assistant director', 'role': 'media', 'sub_role': None, 'levels': []}, 'is_primary': True, 'summary': None}, {'company': {'name': 'state of vermont', 'size': '11-50', 'industry': 'engineering', 'location': {'name': 'chief investment officer at ohio school employees retirement system'}}, 'location_names': ['anchorage, alaska, united states'], 'end_date': '2021-09', 'start_date': '2018-01', 'title': {'name': 'summer intern', 'role': 'retail sales associate', 'sub_role': None, 'levels': []}, 'is_primary': False, 'summary': None}, {'company': {'name': 'blueally', 'size': '1001-5000', 'industry': 'international affairs', 'location': {'name': 'gardner, kansas, united states'}}, 'location_names': ['anchorage, alaska, united states'], 'end_date': '2018-01', 'start_date': '2015-08', 'title': {'name': 'team manager social media', 'role': 'vp; relationship manager, specialized cash management', 'sub_role': None, 'levels': []}, 'is_primary': False, 'summary': None}]","[{'school': {'name': 'delta state university, nigeria', 'type': 'post-secondary institution', 'location': {'name': 'frisco, texas, united states'}}, 'end_date': '1996', 'start_date': '2014', 'gpa': None, 'degrees': ['masters'], 'majors': ['psychology'], 'minors': [], 'summary': None}]","[{'network': 'linkedin', 'id': '100799819', 'url': 'linkedin.com/in/anton-petrov-1101', 'username': 'anton-petrov-1101'}]",[],"[{'name': 'english', 'proficiency': None}]","{'status': 'updated', 'contains': [], 'previous_version': '12.0', 'current_version': '13.0'}",,,,,,,,,,,,,,,,,,
tara vogel,tara,vogel,,linkedin.com/in/tara-vogel-1102,tara-vogel-1102,100807738,,,,consumer electronics,lieutenant junior grade,legal,[],alan-plummer-associates-inc,"alan plummer associates, inc",,1001-5000,,consumer electronics,,,,,,,,,,,,,2021-06,"new york, new york, united states",new york,,new york,united states,north america,,,1095.0,"100,000-150,000",26.0,"Lieutenant Junior Grade at Alan Plummer Associates, Inc. 12 years across consumer electronics.",[],[],[],"['feature articles', 'supply chain', 'military liaison', 'new business development', 'english', 'construction safety', 'inventory management', 'information assurance', 'supply chain management', 'aircraft maintenance', 'surveillance', 'proposal writing', 'program development', 'project planning', 'organizational development', 'logistics', 'broadcast', 'american', 'safety management systems', 'adult education', 'marketing strategy']","['new york, new york, united states']",['new york'],['united states'],[],"[{'company': {'name': 'alan plummer associates, inc', 'size': '1001-5000', 'industry': 'human resources', 'location': {'name': 'smithville, texas, united states'}}, 'location_names': ['new york, new york, united states'], 'end_date': None, 'start_date': '2021-02', 'title': {'name': 'lieutenant junior grade', 'role': 'paramedic- medical officer and supervisor', 'sub_role': None, 'levels': []}, 'is_primary': True, 'summary': None}, {'company': {'name': 'mastercard', 'size': '51-200', 'industry': 'food production', 'location': {'name': 'dallas, texas, united states'}}, 'location_names': ['new york, new york, united states'], 'end_date': '2021-05', 'start_date': '2018-07', 'title': {'name': 'kbr-inc', 'role': 'finance', 'sub_role': None, 'levels': []}, 'is_primary': False, 'summary': None}, {'company': {'name': 'comstrat corporation', 'size': '51-200', 'industry': 'consumer services', 'location': {'name': 'quincy, massachusetts, united states'}}, 'location_names': ['new york, new york, united states'], 'end_date': '2018-03', 'start_date': '2015-02', 'title': {'name': 'defense & space', 'role': 'human_resources', 'sub_role': None, 'levels': ['senior']}, 'is_primary': False, 'summary': None}, {'company': {'name': 'air tech spray solutions', 'size': '1-10', 'industry': 'health, wellness and fitness', 'location': {'name': 'liberty hill, texas, united states'}}, 'location_names': ['new york, new york, united states'], 'end_date': '2015-04', 'start_date': '2012-05', 'title': {'name': 'financial services', 'role': 'resident agent in charge', 'sub_role': None, 'levels': []}, 'is_primary': False, 'summary': None}]","[{'school': {'name': 'baumholder american high school, germany', 'type': 'post-secondary institution', 'location': {'name': 'overland park, kansas, united states'}}, 'end_date': '2009', 'start_date': '2016', 'gpa': None, 'degrees': ['masters'], 'majors': ['political science', 'engineering'], 'minors': [], 'summary': None}]","[{'network': 'linkedin', 'id': '100807738', 'url': 'linkedin.com/in/tara-vogel-1102', 'username': 'tara-vogel-1102'}]",[],"[{'name': 'english', 'proficiency': None}]","{'status': 'updated', 'contains': [], 'previous_version': '12.0', 'current_version': '13.0'}",,,,,,,,,,,,,,,,,,
arjun fontaine,arjun,fontaine,male,linkedin.com/in/arjun-fontaine-1103,arjun-fontaine-1103,100815657,,,,insurance,freelance editor,remote monitoring and management analyst,[],ls-technologies-llc,"ls technologies, llc",,51-200,,insurance,,,,,,,,,,,,,2014-03,"great falls, montana, united states",great falls,,montana,united states,north america,,,728.0,"70,000-85,000",8.0,"Freelance Editor at Ls Technologies, Llc. 13 years across insurance.",[],[],"['photography', 'hiking']","['materials', 'customer relationship management', 'broadband', 'criminal investigations', 'networking', 'technical writing', 'aviation', 'engineering', 'systems engineering']","['great falls, montana, united states']",['montana'],['united states'],[],"[{'company': {'name': 'ls technologies, llc', 'size': '1001-5000', 'industry': 'construction', 'location': {'name': 'east ridge, tennessee, united states'}}, 'location_names': ['great falls, montana, united states'], 'end_date': None, 'start_date': '2021-06', 'title': {'name': 'freelance editor', 'role': 'sales', 'sub_role': None, 'levels': []}, 'is_primary': True, 'summary': None}, {'company': {'name': 'general dynamics information technology', 'size': '1-10', 'industry': 'civic & social organization', 'location': {'name': 'fredericksburg, virginia, united states'}}, 'location_names': ['great falls, montana, united states'], 'end_date': '2021-01', 'start_date': '2018-03', 'title': {'name': 'operations manager', 'role': 'resident agent in charge', 'sub_role': None, 'levels': ['cxo']}, 'is_primary': False, 'summary': None}]","[{'school': {'name': 'city colleges of chicago - wilbur wright college', 'type': 'post-secondary institution', 'location': {'name': 'boston, massachusetts, united states'}}, 'end_date': '2019', 'start_date': '2007', 'gpa': None, 'degrees': ['doctorates', 'masters'], 'majors': ['computer science'], 'minors': [], 'summary': None}, {'school': {'name': 'abraham lincoln university', 'type': 'post-secondary institution', 'location': {'name': 'madison, wisconsin, united states'}}, 'end_date': '2005', 'start_date': '2013', 'gpa': None, 'degrees': ['doctorates', 'masters'], 'majors': ['psychology', 'nursing'], 'minors': [], 'summary': None}]","[{'network': 'linkedin', 'id': '100815657', 'url': 'linkedin.com/in/arjun-fontaine-1103', 'username': 'arjun-fontaine-1103'}]",[],"[{'name': 'english', 'proficiency': None}]","{'status': 'updated', 'contains': [], 'previous_version': '12.0', 'current_version': '13.0'}",,,,,,,,,,,,,,,,,,
dana delgado,dana,delgado,male,linkedin.com/in/dana-delgado-1104,dana-delgado-1104,100823576,,,,luxury goods & jewelry,hardware specialist 1,finance,['partner'],dfas,dfas,,1-10,,luxury goods & jewelry,,,,,,,,,,,,,2013-02,"suffolk, virginia, united states",suffolk,,virginia,united states,north america,,,2716.0,"85,000-100,000",8.0,Hardware Specialist 1 at Dfas. 11 years across luxury goods & jewelry.,[],[],"['cycling', 'travel', 'music']","['international development', 'teaching', 'cost control', 'wireless networking', 'emergency services', 'petroleum', 'desktop computers', 'sigint', 'distribution center operations', 'accounting', 'feature articles', 'homeland security', 'problem solving', 'community development', 'security clearance', 'access', 'css', 'automation', 'exercises', 'public policy', 'program evaluation', 'computer repair', 'security+', 'newspapers', 'construction safety']","['suffolk, virginia, united states']",['virginia'],['united states'],[],"[{'company': {'name': 'dfas', 'size': '1001-5000', 'industry': 'law enforcement', 'location': {'name': 'el cajon, california, united states'}}, 'location_names': ['suffolk, virginia, united states'], 'end_date': None, 'start_date': '2021-01', 'title': {'name': 'hardware specialist 1', 'role': 'resident agent in charge', 'sub_role': None, 'levels': []}, 'is_primary': True, 'summary': None}, {'company': {'name': 'jsi telecom', 'size': '11-50', 'industry': 'government administration', 'location': {'name': 'kansas city, missouri, united states'}}, 'location_names': ['suffolk, virginia, united states'], 'end_date': '2021-06', 'start_date': '2018-02', 'title': {'name': 'manager', 'role': 'city letter carrier and city carrier assistant', 'sub_role': None, 'levels': ['manager']}, 'is_primary': False, 'summary': None}]","[{'school': {'name': 'bradley - bourbonnais community high school', 'type': 'post-secondary institution', 'location': {'name': 'falls church, virginia, united states'}}, 'end_date': '2019', 'start_date': '1992', 'gpa': None, 'degrees': ['associates', 'bachelor of science'], 'majors': ['computer science'], 'minors': [], 'summary': None}]","[{'network': 'linkedin', 'id': '100823576', 'url': 'linkedin.com/in/dana-delgado-1104', 'username': 'dana-delgado-1104'}]",[],"[{'name': 'english', 'proficiency': None}]","{'status': 'updated', 'contains': [], 'previous_version': '12.0', 'current_version': '13.0'}",,,,,,,,,,,,,,,,,,
omar moreau,omar,moreau,female,linkedin.com/in/omar-moreau-1105,omar-moreau-1105,100831495,,,,finance,regional sales manager,"vp; relationship manager, specialized cash management",[],iqvia,iqvia,,1-10,,finance,,,,,,,,,,,,,2021-05,iraq,iraq,,,iraq,north america,,,3063.0,"55,000-70,000",22.0,Regional Sales Manager at Iqvia. 6 years across finance.,[],[],"['cycling', 'photography', 'chess']","['video production', 'computer security', 'payroll', 'risk assessment', 'statistics', 'counterterrorism', 'information security', 'organizational development', 'humint', 'systems engineering', 'business process improvement', 'emergency medicine', 'team leadership', 'css', 'political science', 'proofreading', 'cad', 'account reconciliation', 'marksmanship', 'national security', 'counterinsurgency', 'sharepoint', 'politics', 'private investigations', 'onshore']",['iraq'],[],['iraq'],[],"[{'company': {'name': 'iqvia', 'size': '11-50', 'industry': 'operations', 'location': {'name': 'tustin, california, united states'}}, 'location_names': ['iraq'], 'end_date': None, 'start_date': '2021-01', 'title': {'name': 'regional sales manager', 'role': 'network controller', 'sub_role': None, 'levels': ['cxo']}, 'is_primary': True, 'summary': None}, {'company': {'name': 'semrock, inc.', 'size': '11-50', 'industry': 'mechanical or industrial engineering', 'location': {'name': 'arlington, virginia, united states'}}, 'location_names': ['iraq'], 'end_date': '2021-07', 'start_date': '2018-04', 'title': {'name': 'business broker', 'role': 'remote monitoring and management analyst', 'sub_role': None, 'levels': []}, 'is_primary': False, 'summary': None}]","[{'school': {'name': 'clemson university', 'type': 'post-secondary institution', 'location': {'name': 'washington, district of columbia, united states'}}, 'end_date': '2000', 'start_date': '2001', 'gpa': None, 'degrees': ['doctorates', 'master of business administration'], 'majors': ['computer science', 'political science'], 'minors': [], 'summary': None}, {'school': {'name': 'corporate finance institute® (cfi)', 'type': 'post-secondary institution', 'location': {'name': 'mount airy, maryland, united states'}}, 'end_date': '2003', 'start_date': '2002', 'gpa': None, 'degrees': ['bachelors'], 'majors': ['computer science', 'political science'], 'minors': [], 'summary': None}]","[{'network': 'linkedin', 'id': '100831495', 'url': 'linkedin.com/in/omar-moreau-1105', 'username': 'omar-moreau-1105'}]",[],"[{'name': 'english', 'proficiency': None}]","{'status': 'updated', 'contains': [], 'previous_version': '12.0', 'current_version': '13.0'}",,,,,,,,,,,,,,,,,,
dana lindqvist,dana,lindqvist,,linkedin.com/in/dana-lindqvist-1106,dana-lindqvist-1106,100839414,,,,education management,international affairs career field team chief,field supervisor,[],missouri-army-nat-l-guard,missouri army nat'l guard,,51-200,,education management,,,,,,,,,,,,,2017-07,"colorado springs, colorado, united states",colorado springs,,colorado,united states,north america,,,3268.0,"85,000-100,000",29.0,International Affairs Career Field Team Chief at Missouri Army Nat'L Guard. 16 years across education management.,[],[],"['music', 'photography']","['marksmanship', 'protection', 'financial reporting', 'strategic planning', 'helicopters', 'enforcement', 'upstream', 'onshore', 'administration', 'finance', 'fundraising', 'business planning', 'computer security', 'homeland security', 'microsoft office']","['colorado springs, colorado, united states']",['colorado'],['united states'],[],"[{'company': {'name': 'missouri army nat\'l guard', 'size': '51-200', 'industry': 'government relations', 'location': {'name': 'gardner, kansas, united states'}}, 'location_names': ['colorado springs, colorado, united states'], 'end_date': None, 'start_date': '2021-06', 'title': {'name': 'international affairs career field team chief', 'role': 'legal', 'sub_role': None, 'levels': []}, 'is_primary': True, 'summary': None}, {'company': {'name': 'metlife', 'size': '51-200', 'industry': 'food production', 'location': {'name': 'minneapolis, minnesota, united states'}}, 'location_names': ['colorado springs, colorado, united states'], 'end_date': '2021-05', 'start_date': '2018-07', 'title': {'name': 'secondary teacher', 'role': 'mdp operations workcenter manager', 'sub_role': None, 'levels': ['partner']}, 'is_primary': False, 'summary': None}, {'company': {'name': 'marine toys for tots foundation', 'size': '11-50', 'industry': 'political organization', 'location': {'name': 'newburgh, indiana, united states'}}, 'location_names': ['colorado springs, colorado, united states'], 'end_date': '2018-06', 'start_date': '2015-01', 'title': {'name': 'substitute teacher', 'role': 'transportation operations manager', 'sub_role': None, 'levels': []}, 'is_primary': False, 'summary': None}]","[{'school': {'name': 'ecole supérieure d\'agriculture de purpan', 'type': 'post-secondary institution', 'location': {'name': 'le foeil, bretagne, france'}}, 'end_date': '2012', 'start_date': '1989', 'gpa': None, 'degrees': ['doctorates', 'bachelor of science'], 'majors': ['psychology'], 'minors': [], 'summary': None}]","[{'network': 'linkedin', 'id': '100839414', 'url': 'linkedin.com/in/dana-lindqvist-1106', 'username': 'dana-lindqvist-1106'}]",[],"[{'name': 'english', 'proficiency': None}]","{'status': 'updated', 'contains': [], 'previous_version': '12.0', 'current_version': '13.0'}",,,,,,,,,,,,,,,,,,
elena bergman,elena,bergman,male,linkedin.com/in/elena-bergman-1107,elena-bergman-1107,100847333,,,,public relations and communications,president,paramedic- medical officer and supervisor,['cxo'],raytheon,raytheon,,11-50,,public relations and communications,,,,,,,,,,,,,2022-07,"kansas city, missouri, united states",kansas city,,missouri,united states,north america,,,2775.0,"55,000-70,000",29.0,President at Raytheon. 6 years across public relations and communications.,[],[],['cycling'],"['spanish', 'recruiting', 'counterterrorism', 'business analysis', 'military liaison', 'corporate security', 'operating systems', 'team building', 'student affairs', 'avionics', 'operations', 'breaking news', 'safety management systems', 'strategic planning', 'public speaking', 'command', 'publishing', 'time management', 'computer security', 'statistics', 'coordination']","['kansas city, missouri, united states']",['missouri'],['united states'],[],"[{'company': {'name': 'raytheon', 'size': '51-200', 'industry': 'engineering', 'location': {'name': 'liberty hill, texas, united states'}}, 'location_names': ['kansas city, missouri, united states'], 'end_date': None, 'start_date': '2021-05', 'title': {'name': 'president', 'role': 'finance', 'sub_role': None, 'levels': []}, 'is_primary': True, 'summary': None}]","[{'school': {'name': 'hazard community and technical college', 'type': 'post-secondary institution', 'location': {'name': 'kenosha, wisconsin, united states'}}, 'end_date': '2007', 'start_date': '2004', 'gpa': None, 'degrees': ['associates'], 'majors': ['political science', 'nursing'], 'minors': [], 'summary': None}, {'school': {'name': 'air university - maxwell air force base', 'type': 'post-secondary institution', 'location': {'name': 'st. louis, missouri, united states'}}, 'end_date': '2007', 'start_date': '1991', 'gpa': None, 'degrees': ['masters', 'doctorates'], 'majors': ['nursing'], 'minors': [], 'summary': None}]","[{'network': 'linkedin', 'id': '100847333', 'url': 'linkedin.com/in/elena-bergman-1107', 'username': 'elena-bergman-1107'}]",[],"[{'name': 'english', 'proficiency': None}]","{'status': 'updated', 'contains': [], 'previous_version': '12.0', 'current_version': '13.0'}",,,,,,,,,,,,,,,,,,
ava ferrara,ava,ferrara,,linkedin.com/in/ava-ferrara-1108,ava-ferrara-1108,100855252,,,,consumer services,special education teacher,"vp; relationship manager, specialized cash management",[],service-tech-av,service tech av,,11-50,,consumer services,,,,,,,,,,,,,2023-04,"portland, oregon, united states",portland,,oregon,united states,north america,,,1947.0,"45,000-55,000",24.0,Special Education Teacher at Service Tech Av. 3 years across consumer services.,[],[],"['photography', 'music']","['employee relations', 'business strategy', 'microsoft powerpoint', 'oilfield', 'executive protection', 'career counseling', 'oil/gas', 'routers', 'crisis intervention', 'management', 'marksmanship', 'pipelines', 'public speaking', 'aircraft maintenance', 'government', 'power generation', 'engineering management', 'computer hardware', 'combat', 'close protection', 'contingency planning', 'aerospace']","['portland, oregon, united states']",['oregon'],['united states'],[],"[{'company': {'name': 'service tech av', 'size': '201-500', 'industry': 'legislative office', 'location': {'name': 'indianapolis, indiana, united states'}}, 'location_names': ['portland, oregon, united states'], 'end_date': None, 'start_date': '2021-01', 'title': {'name': 'special education teacher', 'role': 'essential services broker', 'sub_role': None, 'levels': []}, 'is_primary': True, 'summary': None}, {'company': {'name': 'cna', 'size': '201-500', 'industry': 'health, wellness and fitness', 'location': {'name': 'rochester, new york, united states'}}, 'location_names': ['portland, oregon, united states'], 'end_date': '2021-06', 'start_date': '2018-05', 'title': {'name': 'chief of experimentation and wargaming- fires battle lab', 'role': 'mdp operations workcenter manager', 'sub_role': None, 'levels': ['partner']}, 'is_primary': False, 'summary': None}, {'company': {'name': 'florida atlantic university', 'size': '1001-5000', 'industry': 'health, wellness and fitness', 'location': {'name': 'cary, north carolina, united states'}}, 'location_names': ['portland, oregon, united states'], 'end_date': '2018-02', 'start_date': '2015-07', 'title': {'name': 'project development and sales', 'role': 'business owner', 'sub_role': None, 'levels': ['partner']}, 'is_primary': False, 'summary': None}, {'company': {'name': 'dcamm division of capital asset management and maintenance', 'size': '1001-5000', 'industry': 'legislative office', 'location': {'name': 'colorado springs, colorado, united states'}}, 'location_names': ['portland, oregon, united states'], 'end_date': '2015-07', 'start_date': '2012-03', 'title': {'name': 'information technology specialist', 'role': 'real_estate', 'sub_role': None, 'levels': []}, 'is_primary': False, 'summary': None}]","[{'school': {'name': 'delaware technical community college', 'type': 'post-secondary institution', 'location': {'name': 'temple, texas, united states'}}, 'end_date': '2008', 'start_date': '1991', 'gpa': None, 'degrees': ['bachelors', 'bachelor of science'], 'majors': ['business administration', 'computer science'], 'minors': [], 'summary': None}, {'school': {'name': 'chatrapati sahuji maharaj kanpur university, kanpur', 'type': 'post-secondary institution', 'location': {'name': 'columbia, south carolina, united states'}}, 'end_date': '1998', 'start_date': '2011', 'gpa': None, 'degrees': ['bachelor of science'], 'majors': ['business administration', 'psychology'], 'minors': [], 'summary': None}]","[{'network': 'linkedin', 'id': '100855252', 'url': 'linkedin.com/in/ava-ferrara-1108', 'username': 'ava-ferrara-1108'}]",[],"[{'name': 'english', 'proficiency': None}]","{'status': 'updated', 'contains': [], 'previous_version': '12.0', 'current_version': '13.0'}",,,,,,,,,,,,,,,,,,
luca vogel,luca,vogel,,linkedin.com/in/luca-vogel-1109,luca-vogel-1109,100863171,,,,education management,structural shipbuilder design manager,mdp operations workcenter manager,['entry'],777-ranch,777 ranch,,51-200,,education management,,,,,,,,,,,,,2015-03,"fletcher, oklahoma, united states",fletcher,,oklahoma,united states,north america,,,2294.0,">250,000",5.0,Structural Shipbuilder Design Manager at 777 Ranch. 11 years across education management.,[],[],"['hiking', 'music', 'history', 'cycling']","['english', 'project estimation', 'security', 'interviews', 'publicity', 'operations', 'integration', 'c#', 'security+', 'interagency coordination', 'nato', 'retail', 'multimedia', 'field service', 'teaching', 'policy analysis', 'access control', 'political science', 'yahoo', 'network administration', 'facilities management', 'oil/gas', 'microsoft excel', 'protection', 'system administration', 'html', 'magazines', 'risk management', 'javascript', 'healthcare']","['fletcher, oklahoma, united states']",['oklahoma'],['united states'],[],"[{'company': {'name': '777 ranch', 'size': '11-50', 'industry': 'consumer services', 'location': {'name': 'port orange, florida, united states'}}, 'location_names': ['fletcher, oklahoma, united states'], 'end_date': None, 'start_date': '2021-03', 'title': {'name': 'structural shipbuilder design manager', 'role': 'vp; relationship manager, specialized cash management', 'sub_role': None, 'levels': []}, 'is_primary': True, 'summary': None}, {'company': {'name': 'reallab', 'size': '1001-5000', 'industry': 'education', 'location': {'name': 'farmingdale, new jersey, united states'}}, 'location_names': ['fletcher, oklahoma, united states'], 'end_date': '2021-06', 'start_date': '2018-06', 'title': {'name': 'assistant general counsel', 'role': 'research associate professor and adjunct professor of biology', 'sub_role': None, 'levels': []}, 'is_primary': False, 'summary': None}]","[{'school': {'name': 'cameron university', 'type': 'post-secondary institution', 'location': {'name': 'san diego, california, united states'}}, 'end_date': '1994', 'start_date': '2009', 'gpa': None, 'degrees': ['bachelor of science', 'master of business administration'], 'majors': ['engineering'], 'minors': [], 'summary': None}]","[{'network': 'linkedin', 'id': '100863171', 'url': 'linkedin.com/in/luca-vogel-1109', 'username': 'luca-vogel-1109'}]",[],"[{'name': 'english', 'proficiency': None}]","{'status': 'updated', 'contains': [], 'previous_version': '12.0', 'current_version': '13.0'}",,,,,,,,,,,,,,,,,,
ravi santoro,ravi,santoro,,linkedin.com/in/ravi-santoro-1110,ravi-santoro-1110,100871090,,,,media,clinical site manager ii,city letter carrier and city carrier assistant,[],telemed2u,telemed2u,,11-50,,media,,,,,,,,,,,,,2013-08,"lewiston, idaho, united states",lewiston,,idaho,united states,north america,,,3626.0,"100,000-150,000",27.0,Clinical Site Manager Ii at Telemed2u. 2 years across media.,[],[],['photography'],"['crisis communications', 'engineering management', 'contingency planning', 'microsoft word', 'system administration', 'security operations', 'aerospace', 'staff development', 'government', 'switches', 'volunteer management', 'telecommunications', 'hiring', 'business process', 'contractors']","['lewiston, idaho, united states']",['idaho'],['united states'],[],"[{'company': {'name': 'telemed2u', 'size': '11-50', 'industry': 'non-profit organization management', 'location': {'name': 'burlington, vermont, united states'}}, 'location_names': ['lewiston, idaho, united states'], 'end_date': None, 'start_date': '2021-06', 'title': {'name': 'clinical site manager ii', 'role': 'finance', 'sub_role': None, 'levels': ['director']}, 'is_primary': True, 'summary': None}, {'company': {'name': 'parsons corporation', 'size': '201-500', 'industry': 'management consulting', 'location': {'name': 'atlanta, georgia, united states'}}, 'location_names': ['lewiston, idaho, united states'], 'end_date': '2021-02', 'start_date': '2018-08', 'title': {'name': 'digital media producer, cnn heroes', 'role': '2020-12-01', 'sub_role': None, 'levels': []}, 'is_primary': False, 'summary': None}, {'company': {'name': 'moonlight hookah lounge', 'size': '1001-5000', 'industry': 'information_technology', 'location': {'name': 'raleigh, north carolina, united states'}}, 'location_names': ['lewiston, idaho, united states'], 'end_date': '2018-05', 'start_date': '2015-05', 'title': {'name': 'civil specialist enforcement', 'role': 'engineering', 'sub_role': None, 'levels': []}, 'is_primary': False, 'summary': None}, {'company': {'name': 'austin defense logistics', 'size': '1-10', 'industry': 'public relations and communications', 'location': {'name': 'falls church, virginia, united states'}}, 'location_names': ['lewiston, idaho, united states'], 'end_date': '2015-08', 'start_date': '2012-03', 'title': {'name': 'financial planner', 'role': 'field supervisor', 'sub_role': None, 'levels': ['vp']}, 'is_primary': False, 'summary': None}]","[{'school': {'name': 'collegeamerica', 'type': 'post-secondary institution', 'location': {'name': 'raleigh, north carolina, united states'}}, 'end_date': '2004', 'start_date': '1987', 'gpa': None, 'degrees': ['master of business administration', 'masters'], 'majors': ['psychology', 'nursing'], 'minors': [], 'summary': None}]","[{'network': 'linkedin', 'id': '100871090', 'url': 'linkedin.com/in/ravi-santoro-1110', 'username': 'ravi-santoro-1110'}]",[],"[{'name': 'english', 'proficiency': None}]","{'status': 'updated', 'contains': [], 'previous_version': '12.0', 'current_version': '13.0'}",,,,,,,,,,,,,,,,,,
mira novak,mira,novak,female,linkedin.com/in/mira-novak-1111,mira-novak-1111,100879009,,,,hospital & health care,assistant process engineer,city letter carrier and city carrier assistant,[],boeing,boeing,,11-50,,hospital & health care,,,,,,,,,,,,,2018-07,"seattle, washington, united states",seattle,,washington,united states,north america,,,115.0,"70,000-85,000",16.0,Assistant Process Engineer at Boeing. 18 years across hospital & health care.,[],[],['chess'],"['excel', 'energy industry', 'consulting', 'project management', 'advertising', 'capacity building', 'weapons', 'testing', 'education', 'networking', 'contractors', 'risk management', 'media relations', 'commissioning', 'creative writing', 'personnel management', 'employee training', 'cross functional team leadership', 'communication', 'copywriting', 'curriculum design', 'operational planning', 'microsoft office', 'critical thinking', 'breaking news', 'electrical troubleshooting', 'joint military operations', 'construction management', 'teaching']","['seattle, washington, united states']",['washington'],['united states'],[],"[{'company': {'name': 'boeing', 'size': '1-10', 'industry': 'luxury goods & jewelry', 'location': {'name': 'anchorage, alaska, united states'}}, 'location_names': ['seattle, washington, united states'], 'end_date': None, 'start_date': '2021-06', 'title': {'name': 'assistant process engineer', 'role': 'legal', 'sub_role': None, 'levels': []}, 'is_primary': True, 'summary': None}, {'company': {'name': 'chicago public schools', 'size': '1-10', 'industry': 'luxury goods & jewelry', 'location': {'name': 'denton, texas, united states'}}, 'location_names': ['seattle, washington, united states'], 'end_date': '2021-03', 'start_date': '2018-07', 'title': {'name': 'lieutenant junior grade', 'role': 'retail sales associate', 'sub_role': None, 'levels': []}, 'is_primary': False, 'summary': None}]","[{'school': {'name': 'grand river technical school', 'type': 'post-secondary institution', 'location': {'name': 'مخرج ومنفذ مؤثرات خاصه'}}, 'end_date': '1997', 'start_date': '1994', 'gpa': None, 'degrees': ['bachelor of science'], 'majors': ['engineering'], 'minors': [], 'summary': None}, {'school': {'name': 'educational center at fort jackson', 'type': 'post-secondary institution', 'location': {'name': 'le foeil, bretagne, france'}}, 'end_date': '2015', 'start_date': '1992', 'gpa': None, 'degrees': ['bachelor of science'], 'majors': ['political science', 'psychology'], 'minors': [], 'summary': None}]","[{'network': 'linkedin', 'id': '100879009', 'url': 'linkedin.com/in/mira-novak-1111', 'username': 'mira-novak-1111'}]",[],"[{'name': 'english', 'proficiency': None}]","{'status': 'updated', 'contains': [], 'previous_version': '12.0', 'current_version': '13.0'}",,,,,,,,,,,,,,,,,,
kian aubert,kian,aubert,female,linkedin.com/in/kian-aubert-1112,kian-aubert-1112,100886928,,,,management consulting,associate,state strategic planner,[],devereux,devereux,,1001-5000,,management consulting,,,,,,,,,,,,,2023-04,"east ridge, tennessee, united states",east ridge,,tennessee,united states,north america,,,2086.0,"45,000-55,000",7.0,Associate at Devereux. 5 years across management consulting.,[],[],"['hiking', 'music', 'photography', 'history']","['outlook', 'transportation management', 'onboarding', 'military operations', 'purchasing', 'forecasting', 'foreign policy', 'student affairs', 'program evaluation', 'construction safety', 'social services', 'design', 'energy industry', 'information assurance', 'tactics', 'information security', 'network security', 'government contracting', 'arabic', 'engineering']","['east ridge, tennessee, united states']",['tennessee'],['united states'],[],"[{'company': {'name': 'devereux', 'size': '201-500', 'industry': 'banking', 'location': {'name': 'newport news, virginia, united states'}}, 'location_names': ['east ridge, tennessee, united states'], 'end_date': None, 'start_date': '2021-09', 'title': {'name': 'associate', 'role': 'remote monitoring and management analyst', 'sub_role': None, 'levels': []}, 'is_primary': True, 'summary': None}]","[{'school': {'name': 'abraham lincoln university', 'type': 'post-secondary institution', 'location': {'name': 'indianapolis, indiana, united states'}}, 'end_date': '2009', 'start_date': '1987', 'gpa': None, 'degrees': ['bachelor of science', 'doctorates'], 'majors': ['political science', 'nursing'], 'minors': [], 'summary': None}, {'school': {'name': 'appalachian state university', 'type': 'post-secondary institution', 'location': {'name': 'east ridge, tennessee, united states'}}, 'end_date': '2012', 'start_date': '2011', 'gpa': None, 'degrees': ['master of business administration'], 'majors': ['business administration'], 'minors': [], 'summary': None}]","[{'network': 'linkedin', 'id': '100886928', 'url': 'linkedin.com/in/kian-aubert-1112', 'username': 'kian-aubert-1112'}]",[],"[{'name': 'english', 'proficiency': None}]","{'status': 'updated', 'contains': [], 'previous_version': '12.0', 'current_version': '13.0'}",,,,,,,,,,,,,,,,,,
ines iversen,ines,iversen,,linkedin.com/in/ines-iversen-1113,ines-iversen-1113,100894847,,,,"health, wellness and fitness","assistant chief, engineering service",media,[],applied-composites-engineering,applied composites engineering,,1-10,,"health, wellness and fitness",,,,,,,,,,,,,2013-04,"brookfield, massachusetts, united states",brookfield,,massachusetts,united states,north america,,,1372.0,"100,000-150,000",19.0,"Assistant Chief, Engineering Service at Applied Composites Engineering. 11 years across health, wellness and fitness.",[],[],[],"['policy analysis', 'video production', 'transportation management', 'piping', 'microsoft powerpoint', 'integration', 'air force', 'marketing', 'outlook', 'firearms', 'enforcement', 'interviews', 'continuous improvement', 'occupational health', 'finance', 'humint', 'public safety', 'wireless', 'strategic planning', 'military liaison', 'oil and gas industry', 'supply chain', 'logistics', 'inspection', 'field service', 'upstream', 'onboarding', 'applicant tracking systems', 'gas', 'sigint']","['brookfield, massachusetts, united states']",['massachusetts'],['united states'],[],"[{'company': {'name': 'applied composites engineering', 'size': '201-500', 'industry': 'media', 'location': {'name': 'tustin, california, united states'}}, 'location_names': ['brookfield, massachusetts, united states'], 'end_date': None, 'start_date': '2021-09', 'title': {'name': 'assistant chief, engineering service', 'role': 'assistant director international programs', 'sub_role': None, 'levels': ['manager']}, 'is_primary': True, 'summary': None}, {'company': {'name': 'pole/zero corporation', 'size': '51-200', 'industry': 'commercial real estate', 'location': {'name': 'madison, wisconsin, united states'}}, 'location_names': ['brookfield, massachusetts, united states'], 'end_date': '2021-07', 'start_date': '2018-05', 'title': {'name': 'manager, custom development and it - americas', 'role': 'field supervisor', 'sub_role': None, 'levels': []}, 'is_primary': False, 'summary': None}]","[{'school': {'name': 'anderson university', 'type': 'post-secondary institution', 'location': {'name': 'sanford, north carolina, united states'}}, 'end_date': '2007', 'start_date': '1997', 'gpa': None, 'degrees': ['master of business administration', 'masters'], 'majors': ['computer science', 'psychology'], 'minors': [], 'summary': None}]","[{'network': 'linkedin', 'id': '100894847', 'url': 'linkedin.com/in/ines-iversen-1113', 'username': 'ines-iversen-1113'}]",[],"[{'name': 'english', 'proficiency': None}]","{'status': 'updated', 'contains': [], 'previous_version': '12.0', 'current_version': '13.0'}",,,,,,,,,,,,,,,,,,
omar ferrara,omar,ferrara,,linkedin.com/in/omar-ferrara-1114,omar-ferrara-1114,100902766,,,,information technology and services,system administrator,human_resources,['vp'],chicago-public-schools,chicago public schools,,1-10,,information technology and services,,,,,,,,,,,,,2020-07,"lewiston, idaho, united states",lewiston,,idaho,united states,north america,,,2154.0,"55,000-70,000",30.0,System Administrator at Chicago Public Schools. 13 years across information technology and services.,[],[],"['music', 'chess']","['energy industry', 'oil and gas industry', 'law enforcement', 'networking', 'employee training', 'aed', 'system', 'personal security', 'program development', 'strategic communications', 'community development', 'customer retention', 'airborne', 'communication', 'nato', 'hardware', 'firearms', 'fundraising', 'change management', 'software installation']","['lewiston, idaho, united states']",['idaho'],['united states'],[],"[{'company': {'name': 'chicago public schools', 'size': '1001-5000', 'industry': 'education', 'location': {'name': 'portland, oregon, united states'}}, 'location_names': ['lewiston, idaho, united states'], 'end_date': None, 'start_date': '2021-05', 'title': {'name': 'system administrator', 'role': 'business owner', 'sub_role': None, 'levels': []}, 'is_primary': True, 'summary': None}]","[{'school': {'name': 'douglas county high school', 'type': 'post-secondary institution', 'location': {'name': 'mount airy, maryland, united states'}}, 'end_date': '2011', 'start_date': '1991', 'gpa': None, 'degrees': ['master of business administration'], 'majors': ['psychology', 'business administration'], 'minors': [], 'summary': None}]","[{'network': 'linkedin', 'id': '100902766', 'url': 'linkedin.com/in/omar-ferrara-1114', 'username': 'omar-ferrara-1114'}]",[],"[{'name': 'english', 'proficiency': None}]","{'status': 'updated', 'contains': [], 'previous_version': '12.0', 'current_version': '13.0'}",,,,,,,,,,,,,,,,,,
sofia koval,sofia,koval,,linkedin.com/in/sofia-koval-1115,sofia-koval-1115,100910685,,,,human_resources,project development and sales,essential services broker,[],concord,concord,,201-500,,human_resources,,,,,,,,,,,,,2014-08,"mustang, oklahoma, united states",mustang,,oklahoma,united states,north america,,,779.0,"45,000-55,000",23.0,Project Development And Sales at Concord. 10 years across human_resources.,[],[],"['travel', 'hiking']","['force protection', 'military logistics', 'completion', 'physical security', 'private investigations', 'aviation', 'microsoft office', 'spss', 'project estimation', 'electrical troubleshooting', 'desktop computers', 'electronic warfare', 'html', 'real estate', 'bls', 'employee relations', 'iraq', 'hiring', 'customer satisfaction', 'continuous improvement', 'event planning', 'corporate security', 'policy', 'military aviation']","['mustang, oklahoma, united states']",['oklahoma'],['united states'],[],"[{'company': {'name': 'concord', 'size': '1-10', 'industry': 'leisure, travel & tourism', 'location': {'name': 'raleigh, north carolina, united states'}}, 'location_names': ['mustang, oklahoma, united states'], 'end_date': None, 'start_date': '2021-05', 'title': {'name': 'project development and sales', 'role': 'mdp operations workcenter manager', 'sub_role': None, 'levels': []}, 'is_primary': True, 'summary': None}]","[{'school': {'name': 'clark college', 'type': 'post-secondary institution', 'location': {'name': 'phoenix, arizona, united states'}}, 'end_date': '2004', 'start_date': '1988', 'gpa': None, 'degrees': ['master of business administration', 'doctorates'], 'majors': ['political science'], 'minors': [], 'summary': None}, {'school': {'name': 'heath high school', 'type': 'post-secondary institution', 'location': {'name': 'stevens point, wisconsin, united states'}}, 'end_date': '2011', 'start_date': '2004', 'gpa': None, 'degrees': ['doctorates', 'masters'], 'majors': ['political science', 'computer science'], 'minors': [], 'summary': None}]","[{'network': 'linkedin', 'id': '100910685', 'url': 'linkedin.com/in/sofia-koval-1115', 'username': 'sofia-koval-1115'}]",[],"[{'name': 'english', 'proficiency': None}]","{'status': 'updated', 'contains': [], 'previous_version': '12.0', 'current_version': '13.0'}",,,,,,,,,,,,,,,,,,
clara kozlov,clara,kozlov,female,linkedin.com/in/clara-kozlov-1116,clara-kozlov-1116,100918604,,,,luxury goods & jewelry,lean program manager,property and consumable controller,[],portland-police-bureau,portland police bureau,,1001-5000,,luxury goods & jewelry,,,,,,,,,,,,,2020-09,"alexandria, virginia, united states",alexandria,,virginia,united states,north america,,,3260.0,"70,000-85,000",2.0,Lean Program Manager at Portland Police Bureau. 9 years across luxury goods & jewelry.,[],[],['chess'],"['natural gas', 'comsec', 'facilities management', 'process improvement', 'powerpoint', 'investigation', 'surveillance', 'statistics', 'critical thinking', 'sap', 'command', 'contract management', 'oil and gas industry', 'publishing', 'switches', 'advertising', 'politics', 'information security', 'retail', 'air force', 'conflict resolution', 'technical writing', 'emergency medicine', 'editing', 'program management', 'negotiation', 'security+', 'customer retention']","['alexandria, virginia, united states']",['virginia'],['united states'],[],"[{'company': {'name': 'portland police bureau', 'size': '11-50', 'industry': 'management consulting', 'location': {'name': 'iraq'}}, 'location_names': ['alexandria, virginia, united states'], 'end_date': None, 'start_date': '2021-07', 'title': {'name': 'lean program manager', 'role': 'field supervisor', 'sub_role': None, 'levels': []}, 'is_primary': True, 'summary': None}, {'company': {'name': 'rockaway pr', 'size': '51-200', 'industry': 'information_technology', 'location': {'name': 'south jacksonville, florida, united states'}}, 'location_names': ['alexandria, virginia, united states'], 'end_date': '2021-09', 'start_date': '2018-01', 'title': {'name': 'alaskan satellite telecommunications infrastructure program implementation specialist', 'role': 'assistant director international programs', 'sub_role': None, 'levels': ['partner']}, 'is_primary': False, 'summary': None}]","[{'school': {'name': 'air force intelligence officer school', 'type': 'post-secondary institution', 'location': {'name': 'newport news, virginia, united states'}}, 'end_date': '2017', 'start_date': '1996', 'gpa': None, 'degrees': ['master of business administration'], 'majors': ['political science', 'engineering'], 'minors': [], 'summary': None}]","[{'network': 'linkedin', 'id': '100918604', 'url': 'linkedin.com/in/clara-kozlov-1116', 'username': 'clara-kozlov-1116'}]",[],"[{'name': 'english', 'proficiency': None}]","{'status': 'updated', 'contains': [], 'previous_version': '12.0', 'current_version': '13.0'}",,,,,,,,,,,,,,,,,,
samir aubert,samir,aubert,female,linkedin.com/in/samir-aubert-1117,samir-aubert-1117,100926523,,,,primary/secondary education,principle material program manager,real_estate,[],u-s-house-of-representatives,u.s. house of representatives,,201-500,,primary/secondary education,,,,,,,,,,,,,2015-03,"vienna, virginia, united states",vienna,,virginia,united states,north america,,,1584.0,"45,000-55,000",20.0,Principle Material Program Manager at U.S. House Of Representatives. 12 years across primary/secondary education.,[],[],[],"['veterans', 'strategy', 'counterintelligence', 'arabic', 'software documentation', 'adobe creative suite', 'design', 'upstream', 'firearms', 'entrepreneurship', 'military operations', 'social media', 'access', 'active dod secret clearance', 'teaching', 'business process', 'crisis intervention', 'force protection', 'copywriting', 'desktop computers', 'flights', 'system', 'budgets']","['vienna, virginia, united states']",['virginia'],['united states'],[],"[{'company': {'name': 'u.s. house of representatives', 'size': '1001-5000', 'industry': 'apparel & fashion', 'location': {'name': 'clinton township, michigan, united states'}}, 'location_names': ['vienna, virginia, united states'], 'end_date': None, 'start_date': '2021-05', 'title': {'name': 'principle material program manager', 'role': 'assistant director international programs', 'sub_role': None, 'levels': ['entry']}, 'is_primary': True, 'summary': None}, {'company': {'name': 'mit lincoln laboratory', 'size': '201-500', 'industry': 'aviation & aerospace', 'location': {'name': 'lewiston, idaho, united states'}}, 'location_names': ['vienna, virginia, united states'], 'end_date': '2021-02', 'start_date': '2018-02', 'title': {'name': 'managing director', 'role': 'research associate professor and adjunct professor of biology', 'sub_role': None, 'levels': []}, 'is_primary': False, 'summary': None}, {'company': {'name': 'national library of medicine', 'size': '1001-5000', 'industry': 'food production', 'location': {'name': 'iraq'}}, 'location_names': ['vienna, virginia, united states'], 'end_date': '2018-02', 'start_date': '2015-01', 'title': {'name': 'accountant', 'role': 'design', 'sub_role': None, 'levels': ['director']}, 'is_primary': False, 'summary': None}]","[{'school': {'name': 'abraham lincoln university', 'type': 'post-secondary institution', 'location': {'name': 'tempe, arizona, united states'}}, 'end_date': '2012', 'start_date': '2016', 'gpa': None, 'degrees': ['masters'], 'majors': ['nursing', 'engineering'], 'minors': [], 'summary': None}, {'school': {'name': 'joint forces staff college', 'type': 'post-secondary institution', 'location': {'name': 'mustang, oklahoma, united states'}}, 'end_date': '1999', 'start_date': '1992', 'gpa': None, 'degrees': ['master of business administration'], 'majors': ['nursing'], 'minors': [], 'summary': None}]","[{'network': 'linkedin', 'id': '100926523', 'url': 'linkedin.com/in/samir-aubert-1117', 'username': 'samir-aubert-1117'}]",[],"[{'name': 'english', 'proficiency': None}]","{'status': 'updated', 'contains': [], 'previous_version': '12.0', 'current_version': '13.0'}",,,,,,,,,,,,,,,,,,
yusuf novak,yusuf,novak,,linkedin.com/in/yusuf-novak-1118,yusuf-novak-1118,100934442,,,,construction,senior operations manager,real_estate,[],sentry-insurance,sentry insurance,,201-500,,construction,,,,,,,,,,,,,2021-06,"tempe, arizona, united states",tempe,,arizona,united states,north america,,,146.0,"85,000-100,000",28.0,Senior Operations Manager at Sentry Insurance. 2 years across construction.,[],[],['music'],"['process improvement', 'firearms', 'executive protection', 'safety management systems', 'forecasting', 'energy', 'news writing', 'conflict resolution', 'field service', 'communication', 'marine corps', 'process scheduler', 'natural gas', 'solidworks', 'transportation', 'fundraising', 'military', 'curriculum design', 'adobe creative suite', 'supply chain management', 'databases', 'feature articles', 'facebook', 'proposal writing', 'project management', 'social media', 'account reconciliation']","['tempe, arizona, united states']",['arizona'],['united states'],[],"[{'company': {'name': 'sentry insurance', 'size': '51-200', 'industry': 'food production', 'location': {'name': 'san antonio, texas, united states'}}, 'location_names': ['tempe, arizona, united states'], 'end_date': None, 'start_date': '2021-05', 'title': {'name': 'senior operations manager', 'role': 'real_estate', 'sub_role': None, 'levels': []}, 'is_primary': True, 'summary': None}, {'company': {'name': 'phoenix counter risk', 'size': '51-200', 'industry': 'military', 'location': {'name': 'falls church, virginia, united states'}}, 'location_names': ['tempe, arizona, united states'], 'end_date': '2021-06', 'start_date': '2018-05', 'title': {'name': 'legislative analyst office of the assistant secretary for legislation', 'role': 'field supervisor', 'sub_role': None, 'levels': ['entry']}, 'is_primary': False, 'summary': None}, {'company': {'name': 'uline', 'size': '1-10', 'industry': 'government administration', 'location': {'name': 'washington, district of columbia, united states'}}, 'location_names': ['tempe, arizona, united states'], 'end_date': '2018-03', 'start_date': '2015-03', 'title': {'name': 'regional sales manager', 'role': 'legal', 'sub_role': None, 'levels': []}, 'is_primary': False, 'summary': None}]","[{'school': {'name': 'jones international university', 'type': 'post-secondary institution', 'location': {'name': 'clermont, florida, united states'}}, 'end_date': '2004', 'start_date': '1992', 'gpa': None, 'degrees': ['doctorates'], 'majors': ['business administration'], 'minors': [], 'summary': None}, {'school': {'name': 'hopkins high school', 'type': 'post-secondary institution', 'location': {'name': 'united states'}}, 'end_date': '1993', 'start_date': '1986', 'gpa': None, 'degrees': ['masters', 'associates'], 'majors': ['psychology'], 'minors': [], 'summary': None}]","[{'network': 'linkedin', 'id': '100934442', 'url': 'linkedin.com/in/yusuf-novak-1118', 'username': 'yusuf-novak-1118'}]",[],"[{'name': 'english', 'proficiency': None}]","{'status': 'updated', 'contains': [], 'previous_version': '12.0', 'current_version': '13.0'}",,,,,,,,,,,,,,,,,,
luca banda,luca,banda,male,linkedin.com/in/luca-banda-1119,luca-banda-1119,100942361,,,,operations,site director,assistant director international programs,[],siemens,siemens,,11-50,,operations,,,,,,,,,,,,,2022-09,"charlotte, north carolina, united states",charlotte,,north carolina,united states,north america,,,1107.0,"45,000-55,000",7.0,Site Director at Siemens. 19 years across operations.,[],[],"['photography', 'hiking', 'chess']","['public speaking', 'military logistics', 'wireless networking', 'interviews', 'access', 'risk management', 'combat', 'helicopters']","['charlotte, north carolina, united states']",['north carolina'],['united states'],[],"[{'company': {'name': 'siemens', 'size': '11-50', 'industry': 'public relations and communications', 'location': {'name': 'chattanooga, tennessee, united states'}}, 'location_names': ['charlotte, north carolina, united states'], 'end_date': None, 'start_date': '2021-04', 'title': {'name': 'site director', 'role': 'city letter carrier and city carrier assistant', 'sub_role': None, 'levels': []}, 'is_primary': True, 'summary': None}, {'company': {'name': 'u.s. army command and general staff college', 'size': '51-200', 'industry': 'information technology and services', 'location': {'name': 'springboro, ohio, united states'}}, 'location_names': ['charlotte, north carolina, united states'], 'end_date': '2021-02', 'start_date': '2018-01', 'title': {'name': 'independent business owner', 'role': 'education', 'sub_role': None, 'levels': []}, 'is_primary': False, 'summary': None}]","[{'school': {'name': 'jones real estate college', 'type': 'post-secondary institution', 'location': {'name': 'indianapolis, indiana, united states'}}, 'end_date': '1996', 'start_date': '2009', 'gpa': None, 'degrees': ['bachelor of science', 'masters'], 'majors': ['engineering', 'psychology'], 'minors': [], 'summary': None}]","[{'network': 'linkedin', 'id': '100942361', 'url': 'linkedin.com/in/luca-banda-1119', 'username': 'luca-banda-1119'}]",[],"[{'name': 'english', 'proficiency': None}]","{'status': 'updated', 'contains': [], 'previous_version': '12.0', 'current_version': '13.0'}",,,,,,,,,,,,,,,,,,
